PERIOD_START_TIME;MRBTS name;MRBTS ID;LNBTS type;LNBTS name;LNBTS ID;LNCEL name;LNCEL ID;end user throughput for DL[kbps]: QCI-1_DL;end user throughput for DL[kbps]: QCI-5_DL;end user throughput for DL[kbps]: QCI-9_DL;end user throughput for UL[kbps]: QCI-1_UL;end user throughput for UL[kbps]: QCI-5_UL;end user throughput for UL[kbps]: QCI-9_UL;Latency: Ave_Latency_DL;Latency: Ave_Latency_UL
04.15.2020 08:00:00;303337;303337;MacroBTS;303337;303337;HV-31268_00002 (id: 92);92;;;;;;;0.00;0.00
04.15.2020 08:00:00;303337;303337;MacroBTS;303337;303337;HV-31268_00001 (id: 91);91;;421.44;7037.98;;13.47;45.42;6.00;0.00
04.15.2020 08:15:00;303337;303337;MacroBTS;303337;303337;HV-31268_00002 (id: 92);92;;;;;;;0.00;0.00
04.15.2020 08:15:00;303337;303337;MacroBTS;303337;303337;HV-31268_00001 (id: 91);91;;5406.81;7247.42;;1920.00;1902.46;8.00;0.00
04.15.2020 08:30:00;303337;303337;MacroBTS;303337;303337;HV-31268_00001 (id: 91);91;;1071.07;4974.15;;25.57;622.28;7.00;0.00
04.15.2020 08:30:00;303337;303337;MacroBTS;303337;303337;HV-31268_00002 (id: 92);92;;;;;;;0.00;0.00
04.15.2020 08:45:00;303337;303337;MacroBTS;303337;303337;HV-31268_00002 (id: 92);92;;;;;;;0.00;0.00
04.15.2020 08:45:00;303337;303337;MacroBTS;303337;303337;HV-31268_00001 (id: 91);91;;3409.74;8894.61;;19.45;150.94;26.00;0.00
04.15.2020 09:00:00;303337;303337;MacroBTS;303337;303337;HV-31268_00001 (id: 91);91;;1054.84;2124.62;;26.43;162.94;5.00;0.00
04.15.2020 09:00:00;303337;303337;MacroBTS;303337;303337;HV-31268_00002 (id: 92);92;;;;;;;0.00;0.00
04.15.2020 09:15:00;303337;303337;MacroBTS;303337;303337;HV-31268_00002 (id: 92);92;;;;;;;0.00;0.00
04.15.2020 09:15:00;303337;303337;MacroBTS;303337;303337;HV-31268_00001 (id: 91);91;;6462.67;2077.19;;149.79;125.15;15.00;0.00
04.15.2020 09:30:00;303337;303337;MacroBTS;303337;303337;HV-31268_00001 (id: 91);91;;1743.27;4960.24;;18.86;134.97;4.00;0.00
04.15.2020 09:30:00;303337;303337;MacroBTS;303337;303337;HV-31268_00002 (id: 92);92;;;;;;;0.00;0.00
04.15.2020 09:45:00;303337;303337;MacroBTS;303337;303337;HV-31268_00001 (id: 91);91;;37.58;2194.67;;29.94;141.25;6.00;0.00
04.15.2020 09:45:00;303337;303337;MacroBTS;303337;303337;HV-31268_00002 (id: 92);92;;;;;;;0.00;0.00
04.15.2020 10:00:00;303337;303337;MacroBTS;303337;303337;HV-31268_00001 (id: 91);91;;533.94;21210.94;;20.04;325.47;24.00;0.00
04.15.2020 10:00:00;303337;303337;MacroBTS;303337;303337;HV-31268_00002 (id: 92);92;;;;;;;0.00;0.00
04.15.2020 10:15:00;303337;303337;MacroBTS;303337;303337;HV-31268_00002 (id: 92);92;;;13343.11;;;666.68;4.00;0.00
04.15.2020 10:15:00;303337;303337;MacroBTS;303337;303337;HV-31268_00001 (id: 91);91;;765.98;17080.33;86.13;27.86;137.34;32.00;0.00
04.15.2020 10:30:00;303337;303337;MacroBTS;303337;303337;HV-31268_00002 (id: 92);92;;;;;;;0.00;0.00
04.15.2020 10:30:00;303337;303337;MacroBTS;303337;303337;HV-31268_00001 (id: 91);91;;2014.99;1948.72;;21.44;60.71;10.00;0.00
04.15.2020 10:45:00;303337;303337;MacroBTS;303337;303337;HV-31268_00002 (id: 92);92;;;;;;;0.00;0.00
04.15.2020 10:45:00;303337;303337;MacroBTS;303337;303337;HV-31268_00001 (id: 91);91;;721.74;1831.83;;12.11;236.07;5.00;0.00
04.15.2020 11:00:00;303337;303337;MacroBTS;303337;303337;HV-31268_00001 (id: 91);91;;2393.74;589.77;;36.56;36.55;6.00;0.00
04.15.2020 11:00:00;303337;303337;MacroBTS;303337;303337;HV-31268_00002 (id: 92);92;;;;;;2105.33;21.00;0.00
04.15.2020 11:15:00;303337;303337;MacroBTS;303337;303337;HV-31268_00001 (id: 91);91;;1277.29;1821.84;;26.68;54.81;6.00;0.00
04.15.2020 11:15:00;303337;303337;MacroBTS;303337;303337;HV-31268_00002 (id: 92);92;;;;;;;3.00;0.00
04.15.2020 11:30:00;303337;303337;MacroBTS;303337;303337;HV-31268_00002 (id: 92);92;;;;;;;0.00;0.00
04.15.2020 11:30:00;303337;303337;MacroBTS;303337;303337;HV-31268_00001 (id: 91);91;;661.52;3260.22;;10.10;22.66;10.00;0.00
04.15.2020 11:45:00;303337;303337;MacroBTS;303337;303337;HV-31268_00001 (id: 91);91;;175.81;2851.70;;24.69;55.94;5.00;0.00
04.15.2020 11:45:00;303337;303337;MacroBTS;303337;303337;HV-31268_00002 (id: 92);92;;;;;;;0.00;0.00
04.15.2020 08:00:00;303509;303509;MacroBTS;303509;303509;HV-31227_00001 (id: 91);91;;7440.00;2549.74;;190.21;125.57;4.00;0.00
04.15.2020 08:00:00;303509;303509;MacroBTS;303509;303509;HV-31227_00002 (id: 92);92;;;1486.40;;;215.69;4.00;0.00
04.15.2020 08:15:00;303509;303509;MacroBTS;303509;303509;HV-31227_00002 (id: 92);92;;;;;;;0.00;0.00
04.15.2020 08:15:00;303509;303509;MacroBTS;303509;303509;HV-31227_00001 (id: 91);91;;;1043.18;;;36.72;5.00;0.00
04.15.2020 08:30:00;303509;303509;MacroBTS;303509;303509;HV-31227_00001 (id: 91);91;;;15110.04;;;16.85;22.00;0.00
04.15.2020 08:30:00;303509;303509;MacroBTS;303509;303509;HV-31227_00002 (id: 92);92;;;;;;;0.00;0.00
04.15.2020 08:45:00;303509;303509;MacroBTS;303509;303509;HV-31227_00001 (id: 91);91;;;330.81;;;15.35;5.00;0.00
04.15.2020 08:45:00;303509;303509;MacroBTS;303509;303509;HV-31227_00002 (id: 92);92;;;;;;;0.00;0.00
04.15.2020 09:00:00;303509;303509;MacroBTS;303509;303509;HV-31227_00001 (id: 91);91;;;2190.72;;437.33;42.05;5.00;0.00
04.15.2020 09:00:00;303509;303509;MacroBTS;303509;303509;HV-31227_00002 (id: 92);92;;;;;;;0.00;0.00
04.15.2020 09:15:00;303509;303509;MacroBTS;303509;303509;HV-31227_00002 (id: 92);92;;;;;;;0.00;0.00
04.15.2020 09:15:00;303509;303509;MacroBTS;303509;303509;HV-31227_00001 (id: 91);91;;;2584.83;;;139.00;5.00;0.00
04.15.2020 09:30:00;303509;303509;MacroBTS;303509;303509;HV-31227_00001 (id: 91);91;152.47;1974.82;1547.35;93.67;101.47;88.74;5.00;0.00
04.15.2020 09:30:00;303509;303509;MacroBTS;303509;303509;HV-31227_00002 (id: 92);92;;;;;;;0.00;0.00
04.15.2020 09:45:00;303509;303509;MacroBTS;303509;303509;HV-31227_00002 (id: 92);92;;;;;;;0.00;0.00
04.15.2020 09:45:00;303509;303509;MacroBTS;303509;303509;HV-31227_00001 (id: 91);91;;7785.33;1156.84;286.48;266.82;140.34;8.00;0.00
04.15.2020 10:00:00;303509;303509;MacroBTS;303509;303509;HV-31227_00001 (id: 91);91;245.33;4096.00;2886.91;214.36;758.32;574.95;8.00;0.00
04.15.2020 10:00:00;303509;303509;MacroBTS;303509;303509;HV-31227_00002 (id: 92);92;;;;;;;0.00;0.00
04.15.2020 10:15:00;303509;303509;MacroBTS;303509;303509;HV-31227_00001 (id: 91);91;;;15200.00;1400.00;1604.00;605.05;68.00;0.00
04.15.2020 10:15:00;303509;303509;MacroBTS;303509;303509;HV-31227_00002 (id: 92);92;;;;;;;0.00;0.00
04.15.2020 10:30:00;303509;303509;MacroBTS;303509;303509;HV-31227_00001 (id: 91);91;;4488.00;18879.67;;176.46;976.13;113.00;0.00
04.15.2020 10:30:00;303509;303509;MacroBTS;303509;303509;HV-31227_00002 (id: 92);92;;;;;;;0.00;0.00
04.15.2020 10:45:00;303509;303509;MacroBTS;303509;303509;HV-31227_00001 (id: 91);91;;;806.34;;;25.88;5.00;0.00
04.15.2020 10:45:00;303509;303509;MacroBTS;303509;303509;HV-31227_00002 (id: 92);92;;;;;;;0.00;0.00
04.15.2020 11:00:00;303509;303509;MacroBTS;303509;303509;HV-31227_00002 (id: 92);92;;;;;;;0.00;0.00
04.15.2020 11:00:00;303509;303509;MacroBTS;303509;303509;HV-31227_00001 (id: 91);91;;;2206.44;;;84.52;5.00;0.00
04.15.2020 11:15:00;303509;303509;MacroBTS;303509;303509;HV-31227_00002 (id: 92);92;;;;;;;0.00;0.00
04.15.2020 11:15:00;303509;303509;MacroBTS;303509;303509;HV-31227_00001 (id: 91);91;;;2257.21;;;95.11;5.00;0.00
04.15.2020 11:30:00;303509;303509;MacroBTS;303509;303509;HV-31227_00002 (id: 92);92;;;;;;;0.00;0.00
04.15.2020 11:30:00;303509;303509;MacroBTS;303509;303509;HV-31227_00001 (id: 91);91;;9668.00;;;206.55;37.90;8.00;0.00
04.15.2020 11:45:00;303509;303509;MacroBTS;303509;303509;HV-31227_00002 (id: 92);92;;;;;;;0.00;0.00
04.15.2020 11:45:00;303509;303509;MacroBTS;303509;303509;HV-31227_00001 (id: 91);91;;;1491.65;;97.07;327.88;5.00;0.00
04.15.2020 08:00:00;303847;303847;MacroBTS;303847;303847;HV-36284_00001 (id: 91);91;;;;;952.00;492.80;20.00;0.00
04.15.2020 08:15:00;303847;303847;MacroBTS;303847;303847;HV-36284_00001 (id: 91);91;;;4656.53;;;786.67;7.00;0.00
04.15.2020 08:30:00;303847;303847;MacroBTS;303847;303847;HV-36284_00001 (id: 91);91;;;5682.67;;1928.00;184.77;4.00;0.00
04.15.2020 08:45:00;303847;303847;MacroBTS;303847;303847;HV-36284_00001 (id: 91);91;;;320.00;;1195.20;426.86;9.00;0.00
04.15.2020 09:00:00;303847;303847;MacroBTS;303847;303847;HV-36284_00001 (id: 91);91;;;954.67;;1920.00;813.50;14.00;0.00
04.15.2020 09:15:00;303847;303847;MacroBTS;303847;303847;HV-36284_00001 (id: 91);91;;;688.00;;;904.77;12.00;0.00
04.15.2020 09:30:00;303847;303847;MacroBTS;303847;303847;HV-36284_00001 (id: 91);91;;34888.00;;;1920.00;;3.00;0.00
04.15.2020 09:45:00;303847;303847;MacroBTS;303847;303847;HV-36284_00001 (id: 91);91;;;;;;;60.00;0.00
04.15.2020 10:00:00;303847;303847;MacroBTS;303847;303847;HV-36284_00001 (id: 91);91;;29200.00;24777.94;;1113.26;770.10;8.00;0.00
04.15.2020 10:15:00;303847;303847;MacroBTS;303847;303847;HV-36284_00001 (id: 91);91;;9813.33;;;;952.00;28.00;0.00
04.15.2020 10:30:00;303847;303847;MacroBTS;303847;303847;HV-36284_00001 (id: 91);91;;;833.57;;1114.00;166.60;5.00;0.00
04.15.2020 10:45:00;303847;303847;MacroBTS;303847;303847;HV-36284_00001 (id: 91);91;;;285.33;;;424.47;10.00;0.00
04.15.2020 11:00:00;303847;303847;MacroBTS;303847;303847;HV-36284_00001 (id: 91);91;;;;;944.00;201.60;28.00;0.00
04.15.2020 11:15:00;303847;303847;MacroBTS;303847;303847;HV-36284_00001 (id: 91);91;;864.00;;;806.67;112.00;12.00;0.00
04.15.2020 11:30:00;303847;303847;MacroBTS;303847;303847;HV-36284_00001 (id: 91);91;;3796.44;;;1920.00;54.40;13.00;0.00
04.15.2020 11:45:00;303847;303847;MacroBTS;303847;303847;HV-36284_00001 (id: 91);91;;;3480.00;;;376.00;27.00;0.00
04.15.2020 08:00:00;320192;320192;MacroBTS;320192;320192;HV-34649_00001 (id: 91);91;40.00;1648.00;11178.63;123.48;61.28;503.31;55.00;0.00
04.15.2020 08:00:00;320192;320192;MacroBTS;320192;320192;HV-34649_00003 (id: 93);93;100.84;1698.39;16186.63;210.51;112.58;1050.31;33.00;0.00
04.15.2020 08:00:00;320192;320192;MacroBTS;320192;320192;HV-34649_00002 (id: 92);92;;4003.43;25843.97;107.78;648.25;1320.99;21.00;0.00
04.15.2020 08:15:00;320192;320192;MacroBTS;320192;320192;HV-34649_00003 (id: 93);93;337.33;4768.09;14318.03;189.78;1087.38;4745.78;33.00;0.00
04.15.2020 08:15:00;320192;320192;MacroBTS;320192;320192;HV-34649_00002 (id: 92);92;40.00;4411.73;10723.39;168.42;1350.05;1245.81;25.00;0.00
04.15.2020 08:15:00;320192;320192;MacroBTS;320192;320192;HV-34649_00001 (id: 91);91;;1986.25;11819.79;;72.39;252.20;56.00;0.00
04.15.2020 08:30:00;320192;320192;MacroBTS;320192;320192;HV-34649_00003 (id: 93);93;777.78;5445.63;25835.92;67.90;1020.98;1327.00;24.00;0.00
04.15.2020 08:30:00;320192;320192;MacroBTS;320192;320192;HV-34649_00002 (id: 92);92;;7541.82;4700.32;;1490.98;1155.07;6.00;0.00
04.15.2020 08:30:00;320192;320192;MacroBTS;320192;320192;HV-34649_00001 (id: 91);91;830.00;6221.94;10632.69;133.09;924.19;199.86;41.00;0.00
04.15.2020 08:45:00;320192;320192;MacroBTS;320192;320192;HV-34649_00001 (id: 91);91;358.80;3367.19;11858.28;80.23;929.60;423.52;32.00;0.00
04.15.2020 08:45:00;320192;320192;MacroBTS;320192;320192;HV-34649_00003 (id: 93);93;535.38;3917.80;20886.56;45.55;585.15;1113.46;17.00;0.00
04.15.2020 08:45:00;320192;320192;MacroBTS;320192;320192;HV-34649_00002 (id: 92);92;272.91;5174.00;7461.53;130.45;1151.30;1414.46;12.00;0.00
04.15.2020 09:00:00;320192;320192;MacroBTS;320192;320192;HV-34649_00003 (id: 93);93;676.31;1382.62;16337.84;81.93;90.79;1058.63;21.00;0.00
04.15.2020 09:00:00;320192;320192;MacroBTS;320192;320192;HV-34649_00001 (id: 91);91;273.88;2702.19;8819.47;158.11;138.75;277.06;33.00;0.00
04.15.2020 09:00:00;320192;320192;MacroBTS;320192;320192;HV-34649_00002 (id: 92);92;;4794.24;13805.99;;1411.32;2218.54;12.00;0.00
04.15.2020 09:15:00;320192;320192;MacroBTS;320192;320192;HV-34649_00002 (id: 92);92;;4459.33;24076.12;;1424.00;1059.85;7.00;0.00
04.15.2020 09:15:00;320192;320192;MacroBTS;320192;320192;HV-34649_00003 (id: 93);93;672.00;1729.37;15818.64;129.95;61.89;878.76;33.00;0.00
04.15.2020 09:15:00;320192;320192;MacroBTS;320192;320192;HV-34649_00001 (id: 91);91;190.91;2079.54;10096.56;237.51;97.92;434.93;41.00;0.00
04.15.2020 09:30:00;320192;320192;MacroBTS;320192;320192;HV-34649_00003 (id: 93);93;267.86;2745.25;10516.01;82.90;91.24;809.33;23.00;0.00
04.15.2020 09:30:00;320192;320192;MacroBTS;320192;320192;HV-34649_00001 (id: 91);91;185.91;6793.90;9613.43;63.15;680.26;477.47;52.00;0.00
04.15.2020 09:30:00;320192;320192;MacroBTS;320192;320192;HV-34649_00002 (id: 92);92;;5072.00;22910.91;;1032.00;749.22;5.00;0.00
04.15.2020 09:45:00;320192;320192;MacroBTS;320192;320192;HV-34649_00003 (id: 93);93;433.45;2692.98;22140.90;64.93;306.30;945.18;29.00;0.00
04.15.2020 09:45:00;320192;320192;MacroBTS;320192;320192;HV-34649_00002 (id: 92);92;;4952.00;24234.85;;1576.28;798.61;5.00;0.00
04.15.2020 09:45:00;320192;320192;MacroBTS;320192;320192;HV-34649_00001 (id: 91);91;370.29;1894.47;11869.89;42.33;123.97;529.49;37.00;0.00
04.15.2020 10:00:00;320192;320192;MacroBTS;320192;320192;HV-34649_00002 (id: 92);92;360.00;;23412.13;56.70;1045.33;1086.66;6.00;0.00
04.15.2020 10:00:00;320192;320192;MacroBTS;320192;320192;HV-34649_00003 (id: 93);93;365.33;3311.23;23334.79;169.45;763.22;2828.53;28.00;0.00
04.15.2020 10:00:00;320192;320192;MacroBTS;320192;320192;HV-34649_00001 (id: 91);91;270.89;3405.71;11643.08;105.32;957.44;445.60;58.00;0.00
04.15.2020 10:15:00;320192;320192;MacroBTS;320192;320192;HV-34649_00002 (id: 92);92;;17496.00;19820.45;;1521.60;955.89;6.00;0.00
04.15.2020 10:15:00;320192;320192;MacroBTS;320192;320192;HV-34649_00003 (id: 93);93;268.69;3192.11;21296.96;150.96;132.00;1130.46;38.00;0.00
04.15.2020 10:15:00;320192;320192;MacroBTS;320192;320192;HV-34649_00001 (id: 91);91;231.78;3538.83;9052.59;131.67;610.46;442.67;33.00;0.00
04.15.2020 10:30:00;320192;320192;MacroBTS;320192;320192;HV-34649_00003 (id: 93);93;540.57;4442.98;18711.54;110.69;123.15;546.63;36.00;0.00
04.15.2020 10:30:00;320192;320192;MacroBTS;320192;320192;HV-34649_00002 (id: 92);92;;3481.60;20637.94;108.10;1057.17;1145.21;5.00;0.00
04.15.2020 10:30:00;320192;320192;MacroBTS;320192;320192;HV-34649_00001 (id: 91);91;231.28;3079.35;13493.41;169.90;47.80;384.03;50.00;0.00
04.15.2020 10:45:00;320192;320192;MacroBTS;320192;320192;HV-34649_00001 (id: 91);91;8.00;3437.21;9838.32;223.18;246.83;195.96;68.00;0.00
04.15.2020 10:45:00;320192;320192;MacroBTS;320192;320192;HV-34649_00003 (id: 93);93;296.00;1741.31;12485.81;159.87;92.07;297.17;20.00;0.00
04.15.2020 10:45:00;320192;320192;MacroBTS;320192;320192;HV-34649_00002 (id: 92);92;;1915.43;19787.90;;892.95;787.56;10.00;0.00
04.15.2020 11:00:00;320192;320192;MacroBTS;320192;320192;HV-34649_00001 (id: 91);91;;5370.17;15614.92;182.20;368.46;944.99;45.00;0.00
04.15.2020 11:00:00;320192;320192;MacroBTS;320192;320192;HV-34649_00002 (id: 92);92;;6802.67;6754.47;;836.13;923.59;5.00;0.00
04.15.2020 11:00:00;320192;320192;MacroBTS;320192;320192;HV-34649_00003 (id: 93);93;378.67;2840.09;12894.99;130.23;50.61;1104.58;34.00;0.00
04.15.2020 11:15:00;320192;320192;MacroBTS;320192;320192;HV-34649_00002 (id: 92);92;288.00;2682.78;8636.94;116.67;1437.33;4377.31;7.00;0.00
04.15.2020 11:15:00;320192;320192;MacroBTS;320192;320192;HV-34649_00003 (id: 93);93;420.00;3759.71;4081.66;94.81;428.36;3361.62;7.00;0.00
04.15.2020 11:15:00;320192;320192;MacroBTS;320192;320192;HV-34649_00001 (id: 91);91;730.67;5393.00;12173.15;260.89;908.75;590.96;59.00;0.00
04.15.2020 11:30:00;320192;320192;MacroBTS;320192;320192;HV-34649_00002 (id: 92);92;;5864.53;11612.02;;1517.41;997.78;9.00;0.00
04.15.2020 11:30:00;320192;320192;MacroBTS;320192;320192;HV-34649_00001 (id: 91);91;399.76;4746.56;10371.63;111.37;668.47;733.30;28.00;0.00
04.15.2020 11:30:00;320192;320192;MacroBTS;320192;320192;HV-34649_00003 (id: 93);93;387.25;1540.72;10288.41;100.74;137.40;3095.13;11.00;0.00
04.15.2020 11:45:00;320192;320192;MacroBTS;320192;320192;HV-34649_00002 (id: 92);92;509.71;5718.29;15729.96;245.71;1249.78;4041.43;13.00;0.00
04.15.2020 11:45:00;320192;320192;MacroBTS;320192;320192;HV-34649_00003 (id: 93);93;356.00;7730.57;18475.24;175.86;660.57;1884.06;19.00;0.00
04.15.2020 11:45:00;320192;320192;MacroBTS;320192;320192;HV-34649_00001 (id: 91);91;495.51;6496.16;11048.04;130.53;811.22;296.15;16.00;0.00
04.15.2020 08:00:00;L2G-SENDAIHIGASIJUUBANTYOUAW (id: 311706);311706;MacroBTS;L2G-SENDAIHIGASIJUUBANTYOUAW (id: 311706);311706;HI-45336_00001 (id: 1);1;645.93;9049.60;42602.63;167.03;357.19;1227.90;19.00;0.00
04.15.2020 08:15:00;L2G-SENDAIHIGASIJUUBANTYOUAW (id: 311706);311706;MacroBTS;L2G-SENDAIHIGASIJUUBANTYOUAW (id: 311706);311706;HI-45336_00001 (id: 1);1;700.16;10595.00;21847.69;167.59;337.98;1808.72;23.00;0.00
04.15.2020 08:30:00;L2G-SENDAIHIGASIJUUBANTYOUAW (id: 311706);311706;MacroBTS;L2G-SENDAIHIGASIJUUBANTYOUAW (id: 311706);311706;HI-45336_00001 (id: 1);1;272.44;9409.28;22041.99;121.83;967.87;1376.81;22.00;0.00
04.15.2020 08:45:00;L2G-SENDAIHIGASIJUUBANTYOUAW (id: 311706);311706;MacroBTS;L2G-SENDAIHIGASIJUUBANTYOUAW (id: 311706);311706;HI-45336_00001 (id: 1);1;389.25;5724.11;18410.01;136.63;722.68;1548.62;21.00;0.00
04.15.2020 09:00:00;L2G-SENDAIHIGASIJUUBANTYOUAW (id: 311706);311706;MacroBTS;L2G-SENDAIHIGASIJUUBANTYOUAW (id: 311706);311706;HI-45336_00001 (id: 1);1;355.23;3867.06;21642.12;145.00;680.53;1356.07;21.00;0.00
04.15.2020 09:15:00;L2G-SENDAIHIGASIJUUBANTYOUAW (id: 311706);311706;MacroBTS;L2G-SENDAIHIGASIJUUBANTYOUAW (id: 311706);311706;HI-45336_00001 (id: 1);1;324.32;3290.86;20866.35;85.89;639.53;3133.82;21.00;0.00
04.15.2020 09:30:00;L2G-SENDAIHIGASIJUUBANTYOUAW (id: 311706);311706;MacroBTS;L2G-SENDAIHIGASIJUUBANTYOUAW (id: 311706);311706;HI-45336_00001 (id: 1);1;390.72;3528.38;21536.72;104.45;712.71;2643.12;21.00;0.00
04.15.2020 09:45:00;L2G-SENDAIHIGASIJUUBANTYOUAW (id: 311706);311706;MacroBTS;L2G-SENDAIHIGASIJUUBANTYOUAW (id: 311706);311706;HI-45336_00001 (id: 1);1;281.20;4487.90;19631.54;102.96;456.33;1600.66;16.00;0.00
04.15.2020 10:00:00;L2G-SENDAIHIGASIJUUBANTYOUAW (id: 311706);311706;MacroBTS;L2G-SENDAIHIGASIJUUBANTYOUAW (id: 311706);311706;HI-45336_00001 (id: 1);1;423.64;4114.11;12100.11;108.22;1033.89;4486.35;17.00;0.00
04.15.2020 10:15:00;L2G-SENDAIHIGASIJUUBANTYOUAW (id: 311706);311706;MacroBTS;L2G-SENDAIHIGASIJUUBANTYOUAW (id: 311706);311706;HI-45336_00001 (id: 1);1;318.37;3567.50;19389.49;147.42;484.69;1283.69;22.00;0.00
04.15.2020 10:30:00;L2G-SENDAIHIGASIJUUBANTYOUAW (id: 311706);311706;MacroBTS;L2G-SENDAIHIGASIJUUBANTYOUAW (id: 311706);311706;HI-45336_00001 (id: 1);1;432.82;5404.77;17064.94;107.22;848.52;2656.51;17.00;0.00
04.15.2020 10:45:00;L2G-SENDAIHIGASIJUUBANTYOUAW (id: 311706);311706;MacroBTS;L2G-SENDAIHIGASIJUUBANTYOUAW (id: 311706);311706;HI-45336_00001 (id: 1);1;300.53;3150.38;16481.12;189.86;87.84;3980.29;17.00;0.00
04.15.2020 11:00:00;L2G-SENDAIHIGASIJUUBANTYOUAW (id: 311706);311706;MacroBTS;L2G-SENDAIHIGASIJUUBANTYOUAW (id: 311706);311706;HI-45336_00001 (id: 1);1;296.00;3831.71;14621.96;87.97;757.78;1825.28;14.00;0.00
04.15.2020 11:15:00;L2G-SENDAIHIGASIJUUBANTYOUAW (id: 311706);311706;MacroBTS;L2G-SENDAIHIGASIJUUBANTYOUAW (id: 311706);311706;HI-45336_00001 (id: 1);1;212.59;3886.17;15421.03;75.38;652.03;1284.71;16.00;0.00
04.15.2020 11:30:00;L2G-SENDAIHIGASIJUUBANTYOUAW (id: 311706);311706;MacroBTS;L2G-SENDAIHIGASIJUUBANTYOUAW (id: 311706);311706;HI-45336_00001 (id: 1);1;118.43;3683.61;14969.85;85.60;928.39;1013.46;16.00;0.00
04.15.2020 11:45:00;L2G-SENDAIHIGASIJUUBANTYOUAW (id: 311706);311706;MacroBTS;L2G-SENDAIHIGASIJUUBANTYOUAW (id: 311706);311706;HI-45336_00001 (id: 1);1;108.42;3295.20;18058.49;92.10;641.39;1165.72;40.00;0.00
04.15.2020 08:00:00;L2G-SIRASAWAWADA (id: 319810);319810;MacroBTS;L2G-SIRASAWAWADA (id: 319810);319810;HV-04982_00001 (id: 91);91;;3520.72;11276.25;24.73;73.13;412.21;33.00;0.00
04.15.2020 08:00:00;L2G-SIRASAWAWADA (id: 319810);319810;MacroBTS;L2G-SIRASAWAWADA (id: 319810);319810;HI-04982_00001 (id: 1);1;;14556.00;6448.50;;912.62;727.87;9.00;0.00
04.15.2020 08:15:00;L2G-SIRASAWAWADA (id: 319810);319810;MacroBTS;L2G-SIRASAWAWADA (id: 319810);319810;HV-04982_00001 (id: 91);91;;2635.29;15099.62;;556.89;1260.40;40.00;0.00
04.15.2020 08:15:00;L2G-SIRASAWAWADA (id: 319810);319810;MacroBTS;L2G-SIRASAWAWADA (id: 319810);319810;HI-04982_00001 (id: 1);1;;;11979.79;;1196.00;1203.04;40.00;0.00
04.15.2020 08:30:00;L2G-SIRASAWAWADA (id: 319810);319810;MacroBTS;L2G-SIRASAWAWADA (id: 319810);319810;HV-04982_00001 (id: 91);91;;4703.43;11067.49;225.84;642.70;1029.79;33.00;0.00
04.15.2020 08:30:00;L2G-SIRASAWAWADA (id: 319810);319810;MacroBTS;L2G-SIRASAWAWADA (id: 319810);319810;HI-04982_00001 (id: 1);1;;7011.29;7669.00;;245.09;574.13;17.00;0.00
04.15.2020 08:45:00;L2G-SIRASAWAWADA (id: 319810);319810;MacroBTS;L2G-SIRASAWAWADA (id: 319810);319810;HI-04982_00001 (id: 1);1;;;23469.46;;;812.46;12.00;0.00
04.15.2020 08:45:00;L2G-SIRASAWAWADA (id: 319810);319810;MacroBTS;L2G-SIRASAWAWADA (id: 319810);319810;HV-04982_00001 (id: 91);91;;3882.29;10871.86;;77.38;1128.83;14.00;0.00
04.15.2020 09:00:00;L2G-SIRASAWAWADA (id: 319810);319810;MacroBTS;L2G-SIRASAWAWADA (id: 319810);319810;HI-04982_00001 (id: 1);1;174.67;;9642.26;97.87;2700.80;612.78;12.00;0.00
04.15.2020 09:00:00;L2G-SIRASAWAWADA (id: 319810);319810;MacroBTS;L2G-SIRASAWAWADA (id: 319810);319810;HV-04982_00001 (id: 91);91;1200.00;15768.89;11524.73;200.00;449.62;748.59;23.00;0.00
04.15.2020 09:15:00;L2G-SIRASAWAWADA (id: 319810);319810;MacroBTS;L2G-SIRASAWAWADA (id: 319810);319810;HI-04982_00001 (id: 1);1;840.00;4680.62;22323.87;129.25;493.33;796.14;21.00;0.00
04.15.2020 09:15:00;L2G-SIRASAWAWADA (id: 319810);319810;MacroBTS;L2G-SIRASAWAWADA (id: 319810);319810;HV-04982_00001 (id: 91);91;985.60;2102.82;9381.52;142.12;468.35;1255.01;24.00;0.00
04.15.2020 09:30:00;L2G-SIRASAWAWADA (id: 319810);319810;MacroBTS;L2G-SIRASAWAWADA (id: 319810);319810;HV-04982_00001 (id: 91);91;;2144.53;9088.32;105.48;426.27;667.12;42.00;0.00
04.15.2020 09:30:00;L2G-SIRASAWAWADA (id: 319810);319810;MacroBTS;L2G-SIRASAWAWADA (id: 319810);319810;HI-04982_00001 (id: 1);1;;20256.00;20051.51;;1290.67;761.37;8.00;0.00
04.15.2020 09:45:00;L2G-SIRASAWAWADA (id: 319810);319810;MacroBTS;L2G-SIRASAWAWADA (id: 319810);319810;HV-04982_00001 (id: 91);91;374.34;6807.17;12406.40;126.41;295.79;739.48;16.00;0.00
04.15.2020 09:45:00;L2G-SIRASAWAWADA (id: 319810);319810;MacroBTS;L2G-SIRASAWAWADA (id: 319810);319810;HI-04982_00001 (id: 1);1;453.33;11456.00;7973.25;205.17;1009.90;888.43;21.00;0.00
04.15.2020 10:00:00;L2G-SIRASAWAWADA (id: 319810);319810;MacroBTS;L2G-SIRASAWAWADA (id: 319810);319810;HV-04982_00001 (id: 91);91;;2936.80;22426.71;100.62;409.63;1131.37;200.00;0.00
04.15.2020 10:00:00;L2G-SIRASAWAWADA (id: 319810);319810;MacroBTS;L2G-SIRASAWAWADA (id: 319810);319810;HI-04982_00001 (id: 1);1;1888.00;;15885.58;86.32;;1060.00;15.00;0.00
04.15.2020 10:15:00;L2G-SIRASAWAWADA (id: 319810);319810;MacroBTS;L2G-SIRASAWAWADA (id: 319810);319810;HI-04982_00001 (id: 1);1;;;7412.77;;;989.87;14.00;0.00
04.15.2020 10:15:00;L2G-SIRASAWAWADA (id: 319810);319810;MacroBTS;L2G-SIRASAWAWADA (id: 319810);319810;HV-04982_00001 (id: 91);91;1212.00;3226.18;10589.45;179.86;365.97;714.48;32.00;0.00
04.15.2020 10:30:00;L2G-SIRASAWAWADA (id: 319810);319810;MacroBTS;L2G-SIRASAWAWADA (id: 319810);319810;HI-04982_00001 (id: 1);1;;3326.00;21245.58;;270.00;1102.25;9.00;0.00
04.15.2020 10:30:00;L2G-SIRASAWAWADA (id: 319810);319810;MacroBTS;L2G-SIRASAWAWADA (id: 319810);319810;HV-04982_00001 (id: 91);91;174.78;1992.65;14510.21;31.31;43.69;2708.17;27.00;0.00
04.15.2020 10:45:00;L2G-SIRASAWAWADA (id: 319810);319810;MacroBTS;L2G-SIRASAWAWADA (id: 319810);319810;HV-04982_00001 (id: 91);91;;1323.57;5730.05;;26.57;230.17;48.00;0.00
04.15.2020 10:45:00;L2G-SIRASAWAWADA (id: 319810);319810;MacroBTS;L2G-SIRASAWAWADA (id: 319810);319810;HI-04982_00001 (id: 1);1;;2272.80;14161.12;;476.26;721.07;9.00;0.00
04.15.2020 11:00:00;L2G-SIRASAWAWADA (id: 319810);319810;MacroBTS;L2G-SIRASAWAWADA (id: 319810);319810;HI-04982_00001 (id: 1);1;32.00;;24395.62;200.00;;908.28;16.00;0.00
04.15.2020 11:00:00;L2G-SIRASAWAWADA (id: 319810);319810;MacroBTS;L2G-SIRASAWAWADA (id: 319810);319810;HV-04982_00001 (id: 91);91;399.68;10091.43;12229.99;213.51;454.95;1455.20;23.00;0.00
04.15.2020 11:15:00;L2G-SIRASAWAWADA (id: 319810);319810;MacroBTS;L2G-SIRASAWAWADA (id: 319810);319810;HI-04982_00001 (id: 1);1;288.00;;9635.58;124.80;;795.02;9.00;0.00
04.15.2020 11:15:00;L2G-SIRASAWAWADA (id: 319810);319810;MacroBTS;L2G-SIRASAWAWADA (id: 319810);319810;HV-04982_00001 (id: 91);91;305.30;4392.25;21300.93;82.75;643.48;928.30;101.00;0.00
04.15.2020 11:30:00;L2G-SIRASAWAWADA (id: 319810);319810;MacroBTS;L2G-SIRASAWAWADA (id: 319810);319810;HV-04982_00001 (id: 91);91;;4710.79;9875.32;;619.26;963.47;26.00;0.00
04.15.2020 11:30:00;L2G-SIRASAWAWADA (id: 319810);319810;MacroBTS;L2G-SIRASAWAWADA (id: 319810);319810;HI-04982_00001 (id: 1);1;;6186.67;11919.99;;171.29;1294.72;7.00;0.00
04.15.2020 11:45:00;L2G-SIRASAWAWADA (id: 319810);319810;MacroBTS;L2G-SIRASAWAWADA (id: 319810);319810;HV-04982_00001 (id: 91);91;536.00;1078.67;11727.31;126.89;550.38;1347.14;12.00;0.00
04.15.2020 11:45:00;L2G-SIRASAWAWADA (id: 319810);319810;MacroBTS;L2G-SIRASAWAWADA (id: 319810);319810;HI-04982_00001 (id: 1);1;;;9713.45;29.05;;5709.54;6.00;0.00
04.15.2020 08:00:00;L9M-SIRAKAWAKAYANE (id: 320311);320311;MacroBTS;L9M-SIRAKAWAKAYANE (id: 320311);320311;HV-04612_00001 (id: 91);91;734.67;11765.33;31172.23;87.33;1207.80;885.74;36.00;0.00
04.15.2020 08:00:00;L9M-SIRAKAWAKAYANE (id: 320311);320311;MacroBTS;L9M-SIRAKAWAKAYANE (id: 320311);320311;HV-04612_00003 (id: 93);93;382.74;2678.63;14080.17;167.64;472.12;763.22;27.00;0.00
04.15.2020 08:00:00;L9M-SIRAKAWAKAYANE (id: 320311);320311;MacroBTS;L9M-SIRAKAWAKAYANE (id: 320311);320311;HV-04612_00002 (id: 92);92;300.00;8139.64;4094.69;198.73;102.62;442.87;36.00;0.00
04.15.2020 08:15:00;L9M-SIRAKAWAKAYANE (id: 320311);320311;MacroBTS;L9M-SIRAKAWAKAYANE (id: 320311);320311;HV-04612_00001 (id: 91);91;;7280.00;26011.37;35.44;23.90;873.11;16.00;0.00
04.15.2020 08:15:00;L9M-SIRAKAWAKAYANE (id: 320311);320311;MacroBTS;L9M-SIRAKAWAKAYANE (id: 320311);320311;HV-04612_00002 (id: 92);92;;8216.00;11237.58;;1432.69;1124.55;15.00;0.00
04.15.2020 08:15:00;L9M-SIRAKAWAKAYANE (id: 320311);320311;MacroBTS;L9M-SIRAKAWAKAYANE (id: 320311);320311;HV-04612_00003 (id: 93);93;256.00;2897.20;17095.42;131.21;311.01;1084.77;35.00;0.00
04.15.2020 08:30:00;L9M-SIRAKAWAKAYANE (id: 320311);320311;MacroBTS;L9M-SIRAKAWAKAYANE (id: 320311);320311;HV-04612_00002 (id: 92);92;;4336.00;9692.60;;1792.57;1127.86;13.00;0.00
04.15.2020 08:30:00;L9M-SIRAKAWAKAYANE (id: 320311);320311;MacroBTS;L9M-SIRAKAWAKAYANE (id: 320311);320311;HV-04612_00001 (id: 91);91;;2430.53;30548.03;;17.10;474.62;61.00;0.00
04.15.2020 08:30:00;L9M-SIRAKAWAKAYANE (id: 320311);320311;MacroBTS;L9M-SIRAKAWAKAYANE (id: 320311);320311;HV-04612_00003 (id: 93);93;858.67;1399.27;15149.01;151.98;62.74;913.11;28.00;0.00
04.15.2020 08:45:00;L9M-SIRAKAWAKAYANE (id: 320311);320311;MacroBTS;L9M-SIRAKAWAKAYANE (id: 320311);320311;HV-04612_00003 (id: 93);93;204.68;1707.54;12839.20;61.99;18.24;285.26;55.00;0.00
04.15.2020 08:45:00;L9M-SIRAKAWAKAYANE (id: 320311);320311;MacroBTS;L9M-SIRAKAWAKAYANE (id: 320311);320311;HV-04612_00002 (id: 92);92;164.60;22850.67;11227.28;25.25;603.95;1134.98;40.00;0.00
04.15.2020 08:45:00;L9M-SIRAKAWAKAYANE (id: 320311);320311;MacroBTS;L9M-SIRAKAWAKAYANE (id: 320311);320311;HV-04612_00001 (id: 91);91;110.92;15742.00;29611.72;105.94;386.48;848.76;30.00;0.00
04.15.2020 09:00:00;L9M-SIRAKAWAKAYANE (id: 320311);320311;MacroBTS;L9M-SIRAKAWAKAYANE (id: 320311);320311;HV-04612_00003 (id: 93);93;541.82;427.45;15357.03;145.28;10.99;231.54;25.00;0.00
04.15.2020 09:00:00;L9M-SIRAKAWAKAYANE (id: 320311);320311;MacroBTS;L9M-SIRAKAWAKAYANE (id: 320311);320311;HV-04612_00001 (id: 91);91;780.80;9432.00;5814.05;65.30;332.22;188.84;16.00;0.00
04.15.2020 09:00:00;L9M-SIRAKAWAKAYANE (id: 320311);320311;MacroBTS;L9M-SIRAKAWAKAYANE (id: 320311);320311;HV-04612_00002 (id: 92);92;382.00;2814.11;13143.27;155.83;1806.79;1330.93;19.00;0.00
04.15.2020 09:15:00;L9M-SIRAKAWAKAYANE (id: 320311);320311;MacroBTS;L9M-SIRAKAWAKAYANE (id: 320311);320311;HV-04612_00003 (id: 93);93;395.38;380.75;15120.14;81.61;245.59;73.32;30.00;0.00
04.15.2020 09:15:00;L9M-SIRAKAWAKAYANE (id: 320311);320311;MacroBTS;L9M-SIRAKAWAKAYANE (id: 320311);320311;HV-04612_00002 (id: 92);92;;3114.91;12330.79;;1558.78;1796.84;23.00;0.00
04.15.2020 09:15:00;L9M-SIRAKAWAKAYANE (id: 320311);320311;MacroBTS;L9M-SIRAKAWAKAYANE (id: 320311);320311;HV-04612_00001 (id: 91);91;346.00;21264.00;15406.64;99.14;1460.98;1117.12;13.00;0.00
04.15.2020 09:30:00;L9M-SIRAKAWAKAYANE (id: 320311);320311;MacroBTS;L9M-SIRAKAWAKAYANE (id: 320311);320311;HV-04612_00002 (id: 92);92;253.04;2972.95;16365.28;85.00;991.06;1707.55;17.00;0.00
04.15.2020 09:30:00;L9M-SIRAKAWAKAYANE (id: 320311);320311;MacroBTS;L9M-SIRAKAWAKAYANE (id: 320311);320311;HV-04612_00003 (id: 93);93;970.35;4928.53;10229.57;150.49;1036.45;182.13;29.00;0.00
04.15.2020 09:30:00;L9M-SIRAKAWAKAYANE (id: 320311);320311;MacroBTS;L9M-SIRAKAWAKAYANE (id: 320311);320311;HV-04612_00001 (id: 91);91;1212.00;4266.67;16449.96;104.56;1024.08;731.39;11.00;0.00
04.15.2020 09:45:00;L9M-SIRAKAWAKAYANE (id: 320311);320311;MacroBTS;L9M-SIRAKAWAKAYANE (id: 320311);320311;HV-04612_00002 (id: 92);92;323.69;1956.86;17376.01;112.70;1003.45;822.74;31.00;0.00
04.15.2020 09:45:00;L9M-SIRAKAWAKAYANE (id: 320311);320311;MacroBTS;L9M-SIRAKAWAKAYANE (id: 320311);320311;HV-04612_00001 (id: 91);91;900.00;2167.40;23875.53;97.90;677.70;988.63;26.00;0.00
04.15.2020 09:45:00;L9M-SIRAKAWAKAYANE (id: 320311);320311;MacroBTS;L9M-SIRAKAWAKAYANE (id: 320311);320311;HV-04612_00003 (id: 93);93;325.39;2360.67;6834.65;142.45;23.81;392.45;46.00;0.00
04.15.2020 10:00:00;L9M-SIRAKAWAKAYANE (id: 320311);320311;MacroBTS;L9M-SIRAKAWAKAYANE (id: 320311);320311;HV-04612_00002 (id: 92);92;188.00;5419.89;17435.83;194.78;894.78;3128.36;23.00;0.00
04.15.2020 10:00:00;L9M-SIRAKAWAKAYANE (id: 320311);320311;MacroBTS;L9M-SIRAKAWAKAYANE (id: 320311);320311;HV-04612_00001 (id: 91);91;790.86;20084.00;11149.78;80.85;897.14;689.33;34.00;0.00
04.15.2020 10:00:00;L9M-SIRAKAWAKAYANE (id: 320311);320311;MacroBTS;L9M-SIRAKAWAKAYANE (id: 320311);320311;HV-04612_00003 (id: 93);93;175.79;1945.83;17215.30;93.97;47.45;571.39;40.00;0.00
04.15.2020 10:15:00;L9M-SIRAKAWAKAYANE (id: 320311);320311;MacroBTS;L9M-SIRAKAWAKAYANE (id: 320311);320311;HV-04612_00003 (id: 93);93;217.96;5306.22;17307.70;62.44;395.74;885.87;28.00;0.00
04.15.2020 10:15:00;L9M-SIRAKAWAKAYANE (id: 320311);320311;MacroBTS;L9M-SIRAKAWAKAYANE (id: 320311);320311;HV-04612_00002 (id: 92);92;359.56;3129.07;18270.09;74.30;1403.29;1206.42;75.00;0.00
04.15.2020 10:15:00;L9M-SIRAKAWAKAYANE (id: 320311);320311;MacroBTS;L9M-SIRAKAWAKAYANE (id: 320311);320311;HV-04612_00001 (id: 91);91;513.23;2694.74;35237.20;63.42;736.39;758.08;27.00;0.00
04.15.2020 10:30:00;L9M-SIRAKAWAKAYANE (id: 320311);320311;MacroBTS;L9M-SIRAKAWAKAYANE (id: 320311);320311;HV-04612_00001 (id: 91);91;;2842.18;19232.53;106.74;899.23;5296.65;28.00;0.00
04.15.2020 10:30:00;L9M-SIRAKAWAKAYANE (id: 320311);320311;MacroBTS;L9M-SIRAKAWAKAYANE (id: 320311);320311;HV-04612_00003 (id: 93);93;103.92;9956.00;12113.90;91.23;1071.88;2625.95;33.00;0.00
04.15.2020 10:30:00;L9M-SIRAKAWAKAYANE (id: 320311);320311;MacroBTS;L9M-SIRAKAWAKAYANE (id: 320311);320311;HV-04612_00002 (id: 92);92;263.64;1043.33;12003.61;130.86;1102.93;957.25;26.00;0.00
04.15.2020 10:45:00;L9M-SIRAKAWAKAYANE (id: 320311);320311;MacroBTS;L9M-SIRAKAWAKAYANE (id: 320311);320311;HV-04612_00001 (id: 91);91;342.77;4443.76;19540.09;51.14;546.14;1107.88;29.00;0.00
04.15.2020 10:45:00;L9M-SIRAKAWAKAYANE (id: 320311);320311;MacroBTS;L9M-SIRAKAWAKAYANE (id: 320311);320311;HV-04612_00003 (id: 93);93;150.86;1411.23;16198.41;63.76;48.46;1579.00;25.00;0.00
04.15.2020 10:45:00;L9M-SIRAKAWAKAYANE (id: 320311);320311;MacroBTS;L9M-SIRAKAWAKAYANE (id: 320311);320311;HV-04612_00002 (id: 92);92;302.29;12112.00;14773.54;84.25;608.08;1182.01;31.00;0.00
04.15.2020 11:00:00;L9M-SIRAKAWAKAYANE (id: 320311);320311;MacroBTS;L9M-SIRAKAWAKAYANE (id: 320311);320311;HV-04612_00001 (id: 91);91;912.00;8224.00;21371.74;101.10;977.00;1014.25;22.00;0.00
04.15.2020 11:00:00;L9M-SIRAKAWAKAYANE (id: 320311);320311;MacroBTS;L9M-SIRAKAWAKAYANE (id: 320311);320311;HV-04612_00002 (id: 92);92;113.20;5235.35;16597.20;224.50;1694.11;1166.94;30.00;0.00
04.15.2020 11:00:00;L9M-SIRAKAWAKAYANE (id: 320311);320311;MacroBTS;L9M-SIRAKAWAKAYANE (id: 320311);320311;HV-04612_00003 (id: 93);93;346.82;1241.04;14333.35;114.93;7.07;550.77;37.00;0.00
04.15.2020 11:15:00;L9M-SIRAKAWAKAYANE (id: 320311);320311;MacroBTS;L9M-SIRAKAWAKAYANE (id: 320311);320311;HV-04612_00002 (id: 92);92;616.89;4140.00;10414.80;74.89;1275.43;1409.52;55.00;0.00
04.15.2020 11:15:00;L9M-SIRAKAWAKAYANE (id: 320311);320311;MacroBTS;L9M-SIRAKAWAKAYANE (id: 320311);320311;HV-04612_00003 (id: 93);93;267.14;1879.75;16988.35;136.36;35.63;3885.71;28.00;0.00
04.15.2020 11:15:00;L9M-SIRAKAWAKAYANE (id: 320311);320311;MacroBTS;L9M-SIRAKAWAKAYANE (id: 320311);320311;HV-04612_00001 (id: 91);91;159.72;13565.33;19319.95;66.50;1382.40;4451.99;12.00;0.00
04.15.2020 11:30:00;L9M-SIRAKAWAKAYANE (id: 320311);320311;MacroBTS;L9M-SIRAKAWAKAYANE (id: 320311);320311;HV-04612_00002 (id: 92);92;342.67;2404.57;8927.44;257.39;1220.12;983.68;75.00;0.00
04.15.2020 11:30:00;L9M-SIRAKAWAKAYANE (id: 320311);320311;MacroBTS;L9M-SIRAKAWAKAYANE (id: 320311);320311;HV-04612_00001 (id: 91);91;15.23;;18877.95;117.10;1554.67;1018.55;27.00;0.00
04.15.2020 11:30:00;L9M-SIRAKAWAKAYANE (id: 320311);320311;MacroBTS;L9M-SIRAKAWAKAYANE (id: 320311);320311;HV-04612_00003 (id: 93);93;686.05;1396.00;20190.58;122.80;36.34;590.39;37.00;0.00
04.15.2020 11:45:00;L9M-SIRAKAWAKAYANE (id: 320311);320311;MacroBTS;L9M-SIRAKAWAKAYANE (id: 320311);320311;HV-04612_00003 (id: 93);93;314.36;2989.44;18826.92;115.88;92.99;1170.66;52.00;0.00
04.15.2020 11:45:00;L9M-SIRAKAWAKAYANE (id: 320311);320311;MacroBTS;L9M-SIRAKAWAKAYANE (id: 320311);320311;HV-04612_00002 (id: 92);92;324.27;3799.06;10851.09;70.75;930.32;1135.12;63.00;0.00
04.15.2020 11:45:00;L9M-SIRAKAWAKAYANE (id: 320311);320311;MacroBTS;L9M-SIRAKAWAKAYANE (id: 320311);320311;HV-04612_00001 (id: 91);91;240.86;6687.53;27534.04;76.63;638.00;865.58;20.00;0.00
04.15.2020 08:00:00;L9M-SUKAGAWAOOKANBARAHIGASI (id: 320048);320048;MacroBTS;L9M-SUKAGAWAOOKANBARAHIGASI (id: 320048);320048;HV-31628_00002 (id: 92);92;279.00;3308.36;18835.81;200.74;1071.87;1286.67;34.00;0.00
04.15.2020 08:00:00;L9M-SUKAGAWAOOKANBARAHIGASI (id: 320048);320048;MacroBTS;L9M-SUKAGAWAOOKANBARAHIGASI (id: 320048);320048;HV-31628_00001 (id: 91);91;1264.00;;9538.16;101.51;449.19;471.80;65.00;0.00
04.15.2020 08:00:00;L9M-SUKAGAWAOOKANBARAHIGASI (id: 320048);320048;MacroBTS;L9M-SUKAGAWAOOKANBARAHIGASI (id: 320048);320048;HV-31628_00003 (id: 93);93;;;12083.26;;;565.41;30.00;0.00
04.15.2020 08:15:00;L9M-SUKAGAWAOOKANBARAHIGASI (id: 320048);320048;MacroBTS;L9M-SUKAGAWAOOKANBARAHIGASI (id: 320048);320048;HV-31628_00001 (id: 91);91;195.06;1300.00;9844.59;132.91;1288.00;921.56;41.00;0.00
04.15.2020 08:15:00;L9M-SUKAGAWAOOKANBARAHIGASI (id: 320048);320048;MacroBTS;L9M-SUKAGAWAOOKANBARAHIGASI (id: 320048);320048;HV-31628_00003 (id: 93);93;;;10188.40;;;252.81;9.00;0.00
04.15.2020 08:15:00;L9M-SUKAGAWAOOKANBARAHIGASI (id: 320048);320048;MacroBTS;L9M-SUKAGAWAOOKANBARAHIGASI (id: 320048);320048;HV-31628_00002 (id: 92);92;500.00;864.00;11659.92;66.46;803.20;748.52;32.00;0.00
04.15.2020 08:30:00;L9M-SUKAGAWAOOKANBARAHIGASI (id: 320048);320048;MacroBTS;L9M-SUKAGAWAOOKANBARAHIGASI (id: 320048);320048;HV-31628_00002 (id: 92);92;524.00;7262.40;10751.44;86.27;953.47;1440.40;19.00;0.00
04.15.2020 08:30:00;L9M-SUKAGAWAOOKANBARAHIGASI (id: 320048);320048;MacroBTS;L9M-SUKAGAWAOOKANBARAHIGASI (id: 320048);320048;HV-31628_00003 (id: 93);93;;3016.73;8342.79;;2094.00;622.60;12.00;0.00
04.15.2020 08:30:00;L9M-SUKAGAWAOOKANBARAHIGASI (id: 320048);320048;MacroBTS;L9M-SUKAGAWAOOKANBARAHIGASI (id: 320048);320048;HV-31628_00001 (id: 91);91;;2817.78;7935.89;;1078.67;362.54;58.00;0.00
04.15.2020 08:45:00;L9M-SUKAGAWAOOKANBARAHIGASI (id: 320048);320048;MacroBTS;L9M-SUKAGAWAOOKANBARAHIGASI (id: 320048);320048;HV-31628_00002 (id: 92);92;264.73;16912.00;14775.85;169.41;1352.80;940.76;83.00;0.00
04.15.2020 08:45:00;L9M-SUKAGAWAOOKANBARAHIGASI (id: 320048);320048;MacroBTS;L9M-SUKAGAWAOOKANBARAHIGASI (id: 320048);320048;HV-31628_00001 (id: 91);91;591.38;1727.83;4927.92;93.22;720.42;553.92;24.00;0.00
04.15.2020 08:45:00;L9M-SUKAGAWAOOKANBARAHIGASI (id: 320048);320048;MacroBTS;L9M-SUKAGAWAOOKANBARAHIGASI (id: 320048);320048;HV-31628_00003 (id: 93);93;;8752.00;2030.71;;568.18;804.77;4.00;0.00
04.15.2020 09:00:00;L9M-SUKAGAWAOOKANBARAHIGASI (id: 320048);320048;MacroBTS;L9M-SUKAGAWAOOKANBARAHIGASI (id: 320048);320048;HV-31628_00002 (id: 92);92;500.57;10640.89;16641.18;48.29;928.04;779.85;66.00;0.00
04.15.2020 09:00:00;L9M-SUKAGAWAOOKANBARAHIGASI (id: 320048);320048;MacroBTS;L9M-SUKAGAWAOOKANBARAHIGASI (id: 320048);320048;HV-31628_00003 (id: 93);93;;;2064.41;;;274.58;7.00;0.00
04.15.2020 09:00:00;L9M-SUKAGAWAOOKANBARAHIGASI (id: 320048);320048;MacroBTS;L9M-SUKAGAWAOOKANBARAHIGASI (id: 320048);320048;HV-31628_00001 (id: 91);91;;;9801.69;100.98;968.00;1334.86;16.00;0.00
04.15.2020 09:15:00;L9M-SUKAGAWAOOKANBARAHIGASI (id: 320048);320048;MacroBTS;L9M-SUKAGAWAOOKANBARAHIGASI (id: 320048);320048;HV-31628_00001 (id: 91);91;;5708.00;8631.83;224.00;900.00;186.73;55.00;0.00
04.15.2020 09:15:00;L9M-SUKAGAWAOOKANBARAHIGASI (id: 320048);320048;MacroBTS;L9M-SUKAGAWAOOKANBARAHIGASI (id: 320048);320048;HV-31628_00002 (id: 92);92;368.00;5294.50;19044.74;72.88;621.04;994.89;46.00;0.00
04.15.2020 09:15:00;L9M-SUKAGAWAOOKANBARAHIGASI (id: 320048);320048;MacroBTS;L9M-SUKAGAWAOOKANBARAHIGASI (id: 320048);320048;HV-31628_00003 (id: 93);93;;;3553.87;;;741.95;116.00;0.00
04.15.2020 09:30:00;L9M-SUKAGAWAOOKANBARAHIGASI (id: 320048);320048;MacroBTS;L9M-SUKAGAWAOOKANBARAHIGASI (id: 320048);320048;HV-31628_00003 (id: 93);93;266.00;11738.00;251.42;67.95;1617.14;734.99;16.00;0.00
04.15.2020 09:30:00;L9M-SUKAGAWAOOKANBARAHIGASI (id: 320048);320048;MacroBTS;L9M-SUKAGAWAOOKANBARAHIGASI (id: 320048);320048;HV-31628_00001 (id: 91);91;;8632.00;5091.76;93.67;274.60;231.94;86.00;0.00
04.15.2020 09:30:00;L9M-SUKAGAWAOOKANBARAHIGASI (id: 320048);320048;MacroBTS;L9M-SUKAGAWAOOKANBARAHIGASI (id: 320048);320048;HV-31628_00002 (id: 92);92;119.88;7602.00;18420.33;80.38;1027.00;965.76;39.00;0.00
04.15.2020 09:45:00;L9M-SUKAGAWAOOKANBARAHIGASI (id: 320048);320048;MacroBTS;L9M-SUKAGAWAOOKANBARAHIGASI (id: 320048);320048;HV-31628_00002 (id: 92);92;;;15790.33;;;932.24;94.00;0.00
04.15.2020 09:45:00;L9M-SUKAGAWAOOKANBARAHIGASI (id: 320048);320048;MacroBTS;L9M-SUKAGAWAOOKANBARAHIGASI (id: 320048);320048;HV-31628_00001 (id: 91);91;;4429.77;4529.87;140.64;808.19;94.05;84.00;0.00
04.15.2020 09:45:00;L9M-SUKAGAWAOOKANBARAHIGASI (id: 320048);320048;MacroBTS;L9M-SUKAGAWAOOKANBARAHIGASI (id: 320048);320048;HV-31628_00003 (id: 93);93;288.00;;7589.53;85.12;548.85;1012.85;11.00;0.00
04.15.2020 10:00:00;L9M-SUKAGAWAOOKANBARAHIGASI (id: 320048);320048;MacroBTS;L9M-SUKAGAWAOOKANBARAHIGASI (id: 320048);320048;HV-31628_00002 (id: 92);92;162.18;2768.00;14859.23;189.12;558.60;1654.72;76.00;0.00
04.15.2020 10:00:00;L9M-SUKAGAWAOOKANBARAHIGASI (id: 320048);320048;MacroBTS;L9M-SUKAGAWAOOKANBARAHIGASI (id: 320048);320048;HV-31628_00001 (id: 91);91;275.33;794.34;11993.90;94.85;17.29;543.42;59.00;0.00
04.15.2020 10:00:00;L9M-SUKAGAWAOOKANBARAHIGASI (id: 320048);320048;MacroBTS;L9M-SUKAGAWAOOKANBARAHIGASI (id: 320048);320048;HV-31628_00003 (id: 93);93;;19376.00;3096.71;;1234.91;1681.42;13.00;0.00
04.15.2020 10:15:00;L9M-SUKAGAWAOOKANBARAHIGASI (id: 320048);320048;MacroBTS;L9M-SUKAGAWAOOKANBARAHIGASI (id: 320048);320048;HV-31628_00003 (id: 93);93;226.00;4374.40;10564.46;224.00;577.40;658.98;43.00;0.00
04.15.2020 10:15:00;L9M-SUKAGAWAOOKANBARAHIGASI (id: 320048);320048;MacroBTS;L9M-SUKAGAWAOOKANBARAHIGASI (id: 320048);320048;HV-31628_00002 (id: 92);92;158.96;5737.23;14449.33;114.74;1200.07;765.69;35.00;0.00
04.15.2020 10:15:00;L9M-SUKAGAWAOOKANBARAHIGASI (id: 320048);320048;MacroBTS;L9M-SUKAGAWAOOKANBARAHIGASI (id: 320048);320048;HV-31628_00001 (id: 91);91;;13338.00;11746.47;;1186.50;821.71;21.00;0.00
04.15.2020 10:30:00;L9M-SUKAGAWAOOKANBARAHIGASI (id: 320048);320048;MacroBTS;L9M-SUKAGAWAOOKANBARAHIGASI (id: 320048);320048;HV-31628_00003 (id: 93);93;26.73;8742.40;6385.12;94.78;1349.11;675.21;46.00;0.00
04.15.2020 10:30:00;L9M-SUKAGAWAOOKANBARAHIGASI (id: 320048);320048;MacroBTS;L9M-SUKAGAWAOOKANBARAHIGASI (id: 320048);320048;HV-31628_00002 (id: 92);92;536.00;5026.77;11033.80;72.16;841.49;1042.80;12.00;0.00
04.15.2020 10:30:00;L9M-SUKAGAWAOOKANBARAHIGASI (id: 320048);320048;MacroBTS;L9M-SUKAGAWAOOKANBARAHIGASI (id: 320048);320048;HV-31628_00001 (id: 91);91;298.25;;14012.82;88.05;;553.45;34.00;0.00
04.15.2020 10:45:00;L9M-SUKAGAWAOOKANBARAHIGASI (id: 320048);320048;MacroBTS;L9M-SUKAGAWAOOKANBARAHIGASI (id: 320048);320048;HV-31628_00003 (id: 93);93;;1880.00;3854.36;;1888.32;433.00;5.00;0.00
04.15.2020 10:45:00;L9M-SUKAGAWAOOKANBARAHIGASI (id: 320048);320048;MacroBTS;L9M-SUKAGAWAOOKANBARAHIGASI (id: 320048);320048;HV-31628_00002 (id: 92);92;512.00;5596.00;16134.32;99.75;1080.93;822.61;9.00;0.00
04.15.2020 10:45:00;L9M-SUKAGAWAOOKANBARAHIGASI (id: 320048);320048;MacroBTS;L9M-SUKAGAWAOOKANBARAHIGASI (id: 320048);320048;HV-31628_00001 (id: 91);91;;693.29;9476.83;;36.48;285.39;89.00;0.00
04.15.2020 11:00:00;L9M-SUKAGAWAOOKANBARAHIGASI (id: 320048);320048;MacroBTS;L9M-SUKAGAWAOOKANBARAHIGASI (id: 320048);320048;HV-31628_00003 (id: 93);93;;17108.00;15620.58;;1412.00;1112.91;97.00;0.00
04.15.2020 11:00:00;L9M-SUKAGAWAOOKANBARAHIGASI (id: 320048);320048;MacroBTS;L9M-SUKAGAWAOOKANBARAHIGASI (id: 320048);320048;HV-31628_00002 (id: 92);92;;;8477.59;;1888.00;957.48;13.00;0.00
04.15.2020 11:00:00;L9M-SUKAGAWAOOKANBARAHIGASI (id: 320048);320048;MacroBTS;L9M-SUKAGAWAOOKANBARAHIGASI (id: 320048);320048;HV-31628_00001 (id: 91);91;;1304.94;8141.62;;7.72;592.42;13.00;0.00
04.15.2020 11:15:00;L9M-SUKAGAWAOOKANBARAHIGASI (id: 320048);320048;MacroBTS;L9M-SUKAGAWAOOKANBARAHIGASI (id: 320048);320048;HV-31628_00003 (id: 93);93;;;6972.39;;;673.78;77.00;0.00
04.15.2020 11:15:00;L9M-SUKAGAWAOOKANBARAHIGASI (id: 320048);320048;MacroBTS;L9M-SUKAGAWAOOKANBARAHIGASI (id: 320048);320048;HV-31628_00002 (id: 92);92;;5661.57;14930.89;;651.44;715.87;21.00;0.00
04.15.2020 11:15:00;L9M-SUKAGAWAOOKANBARAHIGASI (id: 320048);320048;MacroBTS;L9M-SUKAGAWAOOKANBARAHIGASI (id: 320048);320048;HV-31628_00001 (id: 91);91;;4418.91;4178.30;;778.77;521.47;11.00;0.00
04.15.2020 11:30:00;L9M-SUKAGAWAOOKANBARAHIGASI (id: 320048);320048;MacroBTS;L9M-SUKAGAWAOOKANBARAHIGASI (id: 320048);320048;HV-31628_00002 (id: 92);92;;3717.33;18261.90;;702.08;607.88;43.00;0.00
04.15.2020 11:30:00;L9M-SUKAGAWAOOKANBARAHIGASI (id: 320048);320048;MacroBTS;L9M-SUKAGAWAOOKANBARAHIGASI (id: 320048);320048;HV-31628_00003 (id: 93);93;;18298.00;1026.00;;1678.74;709.60;6.00;0.00
04.15.2020 11:30:00;L9M-SUKAGAWAOOKANBARAHIGASI (id: 320048);320048;MacroBTS;L9M-SUKAGAWAOOKANBARAHIGASI (id: 320048);320048;HV-31628_00001 (id: 91);91;;;3526.00;;;519.86;6.00;0.00
04.15.2020 11:45:00;L9M-SUKAGAWAOOKANBARAHIGASI (id: 320048);320048;MacroBTS;L9M-SUKAGAWAOOKANBARAHIGASI (id: 320048);320048;HV-31628_00003 (id: 93);93;;1008.00;5624.00;;2312.53;640.25;11.00;0.00
04.15.2020 11:45:00;L9M-SUKAGAWAOOKANBARAHIGASI (id: 320048);320048;MacroBTS;L9M-SUKAGAWAOOKANBARAHIGASI (id: 320048);320048;HV-31628_00001 (id: 91);91;200.73;1944.24;4079.07;184.47;414.51;605.76;6.00;0.00
04.15.2020 11:45:00;L9M-SUKAGAWAOOKANBARAHIGASI (id: 320048);320048;MacroBTS;L9M-SUKAGAWAOOKANBARAHIGASI (id: 320048);320048;HV-31628_00002 (id: 92);92;;;18065.94;;;684.14;44.00;0.00

