PERIOD_START_TIME;MRBTS name;MRBTS ID;LNBTS type;LNBTS name;LNBTS ID;LNCEL name;LNCEL ID;Throughput: CellThroughput_DL_QCI_1;Throughput: CellThroughput_UL_QCI_1;Throughput: UserThroughput_DL_QCI_1;Throughput: UserThroughput_DL_QCI_5;Throughput: UserThroughput_DL_QCI_9;Throughput: UserThroughput_UL_QCI_1;Throughput: UserThroughput_UL_QCI_5;Throughput: UserThroughput_UL_QCI_9;PDCD_SDU_QCI_1: PDCD_SDU_DL_QCI_1;PDCD_SDU_QCI_1: PDCD_SDU_UL_QCI_1;E-RAB_Success_Ratio: ERAB_Success_Ratio_QCI_1;E-RAB_Success_Ratio: ERAB_Attempt_QCI_1;E-RAB_Success_Ratio: ERAB_Success_QCI_1;E-RAB_Success_Ratio: ERAB_Success_Ratio_nonGBR;E-RAB_Drop_Ratio: ERAB_Drop_Ratio_QCI_1;E-RAB_Drop_Ratio: ERAB_ReleaseReq_QCI_1;Pre-emption_Ratio: Pre_emption_Ratio;SRVCC: SRVCC_Failure_Ratio;SRVCC: SRVCC_HO_Prep;SRVCC: SRVCC_HO_Attempt;SRVCC: SRVCC_HO_Success
04.14.2020 08:00:00;303337;303337;MacroBTS;303337;303337;HV-31268_00002 (id: 92);92;0.00;0.00;;;4168.00;;;157.33;0;0;;0;0;;;;;;0;0;0
04.14.2020 08:00:00;303337;303337;MacroBTS;303337;303337;HV-31268_00001 (id: 91);91;0.00;0.00;;;1088.00;;;550.87;0;0;;0;0;100.00;;;;;0;0;0
04.14.2020 08:15:00;303337;303337;MacroBTS;303337;303337;HV-31268_00001 (id: 91);91;0.00;0.00;;3952.80;4394.00;;148.16;97.82;0;0;;0;0;100.00;;;;;0;0;0
04.14.2020 08:15:00;303337;303337;MacroBTS;303337;303337;HV-31268_00002 (id: 92);92;0.00;0.00;;;;;;;0;0;;0;0;;;;;;0;0;0
04.14.2020 08:30:00;303337;303337;MacroBTS;303337;303337;HV-31268_00002 (id: 92);92;0.00;0.00;;;;;;;0;0;;0;0;;;;;;0;0;0
04.14.2020 08:30:00;303337;303337;MacroBTS;303337;303337;HV-31268_00001 (id: 91);91;0.00;0.00;;2620.57;1557.23;;20.74;136.99;0;0;;0;0;100.00;;;;;0;0;0
04.14.2020 08:45:00;303337;303337;MacroBTS;303337;303337;HV-31268_00001 (id: 91);91;0.00;0.00;;;2991.10;;;111.73;0;0;;0;0;100.00;;;;;0;0;0
04.14.2020 08:45:00;303337;303337;MacroBTS;303337;303337;HV-31268_00002 (id: 92);92;0.00;0.00;;;;;;;0;0;;0;0;;;;;;0;0;0
04.14.2020 09:00:00;303337;303337;MacroBTS;303337;303337;HV-31268_00001 (id: 91);91;0.00;0.00;;525.71;211.01;;10.22;19.50;0;0;;0;0;93.10;;;;;0;0;0
04.14.2020 09:00:00;303337;303337;MacroBTS;303337;303337;HV-31268_00002 (id: 92);92;0.00;0.00;;;;;;;0;0;;0;0;;;;;;0;0;0
04.14.2020 09:15:00;303337;303337;MacroBTS;303337;303337;HV-31268_00001 (id: 91);91;0.00;0.00;;1082.61;2363.41;;13.76;54.53;0;0;;0;0;96.23;;;;;0;0;0
04.14.2020 09:15:00;303337;303337;MacroBTS;303337;303337;HV-31268_00002 (id: 92);92;0.00;0.00;;;;;;;0;0;;0;0;;;;;;0;0;0
04.14.2020 09:30:00;303337;303337;MacroBTS;303337;303337;HV-31268_00002 (id: 92);92;0.00;0.00;;;;;;;0;0;;0;0;100.00;;;;;0;0;0
04.14.2020 09:30:00;303337;303337;MacroBTS;303337;303337;HV-31268_00001 (id: 91);91;0.00;0.00;;3194.00;8837.55;;26.01;128.37;0;0;;0;0;100.00;;;;;0;0;0
04.14.2020 09:45:00;303337;303337;MacroBTS;303337;303337;HV-31268_00001 (id: 91);91;0.00;0.00;;;9119.99;;;252.46;0;0;;0;0;96.55;;;;;0;0;0
04.14.2020 09:45:00;303337;303337;MacroBTS;303337;303337;HV-31268_00002 (id: 92);92;0.00;0.00;;;;;;;0;0;;0;0;100.00;;;;;0;0;0
04.14.2020 10:00:00;303337;303337;MacroBTS;303337;303337;HV-31268_00001 (id: 91);91;0.00;0.00;;;5863.05;;;173.14;0;0;;0;0;100.00;;;;;0;0;0
04.14.2020 10:00:00;303337;303337;MacroBTS;303337;303337;HV-31268_00002 (id: 92);92;0.00;0.00;;;10802.00;;;1161.14;0;0;;0;0;;;;;;0;0;0
04.14.2020 10:15:00;303337;303337;MacroBTS;303337;303337;HV-31268_00001 (id: 91);91;0.00;0.00;;247.54;1141.30;;9.13;31.73;0;0;;0;0;88.00;;;;;0;0;0
04.14.2020 10:15:00;303337;303337;MacroBTS;303337;303337;HV-31268_00002 (id: 92);92;0.00;0.00;;;;;;;0;0;;0;0;;;;;;0;0;0
04.14.2020 10:30:00;303337;303337;MacroBTS;303337;303337;HV-31268_00002 (id: 92);92;0.00;0.00;;;;;;1528.00;0;0;;0;0;;;;;;0;0;0
04.14.2020 10:30:00;303337;303337;MacroBTS;303337;303337;HV-31268_00001 (id: 91);91;0.00;0.00;;1000.04;1206.80;;18.30;21.79;0;0;;0;0;100.00;;;;;0;0;0
04.14.2020 10:45:00;303337;303337;MacroBTS;303337;303337;HV-31268_00002 (id: 92);92;0.00;0.00;;;;;;742.33;0;0;;0;0;;;;;;0;0;0
04.14.2020 10:45:00;303337;303337;MacroBTS;303337;303337;HV-31268_00001 (id: 91);91;13.00;9.00;;1364.09;392.83;109.14;147.38;9.71;905;718;100.00;1;1;100.00;;;;;0;0;0
04.14.2020 11:00:00;303337;303337;MacroBTS;303337;303337;HV-31268_00002 (id: 92);92;0.00;0.00;;;;;;;0;0;;0;0;100.00;;;;;0;0;0
04.14.2020 11:00:00;303337;303337;MacroBTS;303337;303337;HV-31268_00001 (id: 91);91;0.00;0.00;;648.28;1475.00;;11.91;15.75;0;0;;0;0;100.00;;;;;0;0;0
04.14.2020 11:15:00;303337;303337;MacroBTS;303337;303337;HV-31268_00001 (id: 91);91;0.00;0.00;;666.82;4144.00;;15.25;144.04;0;0;;0;0;96.47;;;;;0;0;0
04.14.2020 11:15:00;303337;303337;MacroBTS;303337;303337;HV-31268_00002 (id: 92);92;0.00;0.00;;;;;;;0;0;;0;0;;;;;;0;0;0
04.14.2020 11:30:00;303337;303337;MacroBTS;303337;303337;HV-31268_00002 (id: 92);92;0.00;0.00;;;;;;;0;0;;0;0;;;;;;0;0;0
04.14.2020 11:30:00;303337;303337;MacroBTS;303337;303337;HV-31268_00001 (id: 91);91;0.00;0.00;;933.02;2929.72;;9.86;62.80;0;0;;0;0;100.00;;;;;0;0;0
04.14.2020 11:45:00;303337;303337;MacroBTS;303337;303337;HV-31268_00001 (id: 91);91;0.00;0.00;;1332.60;2222.39;;17.61;31.41;0;0;;0;0;100.00;;;;;0;0;0
04.14.2020 11:45:00;303337;303337;MacroBTS;303337;303337;HV-31268_00002 (id: 92);92;0.00;0.00;;;;;;;0;0;;0;0;;;;;;0;0;0
04.14.2020 08:00:00;303509;303509;MacroBTS;303509;303509;HV-31227_00002 (id: 92);92;0.00;0.00;;;;;;;0;0;;0;0;;;;;;0;0;0
04.14.2020 08:00:00;303509;303509;MacroBTS;303509;303509;HV-31227_00001 (id: 91);91;0.00;0.00;;7758.40;2710.64;;271.06;130.13;0;0;;0;0;100.00;;;;;0;0;0
04.14.2020 08:15:00;303509;303509;MacroBTS;303509;303509;HV-31227_00002 (id: 92);92;0.00;0.00;;;;;;;0;0;;0;0;;;;;;0;0;0
04.14.2020 08:15:00;303509;303509;MacroBTS;303509;303509;HV-31227_00001 (id: 91);91;0.00;0.00;;2647.11;2622.36;;70.05;98.91;0;0;;0;0;94.59;;;;;0;0;0
04.14.2020 08:30:00;303509;303509;MacroBTS;303509;303509;HV-31227_00002 (id: 92);92;0.00;0.00;;;;;;;0;0;;0;0;;;;;;0;0;0
04.14.2020 08:30:00;303509;303509;MacroBTS;303509;303509;HV-31227_00001 (id: 91);91;0.00;0.00;;;2594.51;;;209.75;0;0;;0;0;100.00;;;;;0;0;0
04.14.2020 08:45:00;303509;303509;MacroBTS;303509;303509;HV-31227_00001 (id: 91);91;0.00;0.00;;;5518.23;;;427.22;0;0;;0;0;100.00;;;;;0;0;0
04.14.2020 08:45:00;303509;303509;MacroBTS;303509;303509;HV-31227_00002 (id: 92);92;0.00;0.00;;;;;;;0;0;;0;0;;;;;;0;0;0
04.14.2020 09:00:00;303509;303509;MacroBTS;303509;303509;HV-31227_00001 (id: 91);91;0.00;0.00;;2679.38;2804.63;;634.56;102.66;0;0;;0;0;100.00;;;;;0;0;0
04.14.2020 09:00:00;303509;303509;MacroBTS;303509;303509;HV-31227_00002 (id: 92);92;0.00;0.00;;;;;;;0;0;;0;0;;;;;;0;0;0
04.14.2020 09:15:00;303509;303509;MacroBTS;303509;303509;HV-31227_00001 (id: 91);91;0.00;0.00;;;3290.67;;;174.78;0;0;;0;0;100.00;;;;;0;0;0
04.14.2020 09:15:00;303509;303509;MacroBTS;303509;303509;HV-31227_00002 (id: 92);92;0.00;0.00;;;4216.00;;;1953.03;0;0;;0;0;100.00;;;;;0;0;0
04.14.2020 09:30:00;303509;303509;MacroBTS;303509;303509;HV-31227_00001 (id: 91);91;0.00;0.00;;;2750.22;;;101.57;0;0;;0;0;100.00;;;;;0;0;0
04.14.2020 09:30:00;303509;303509;MacroBTS;303509;303509;HV-31227_00002 (id: 92);92;0.00;0.00;;;;;;;0;0;;0;0;;;;;;0;0;0
04.14.2020 09:45:00;303509;303509;MacroBTS;303509;303509;HV-31227_00001 (id: 91);91;0.00;0.00;;;6412.83;;;505.56;0;0;;0;0;100.00;;;;;0;0;0
04.14.2020 09:45:00;303509;303509;MacroBTS;303509;303509;HV-31227_00002 (id: 92);92;0.00;0.00;;;13571.01;;;608.73;0;0;;0;0;100.00;;;;;0;0;0
04.14.2020 10:00:00;303509;303509;MacroBTS;303509;303509;HV-31227_00001 (id: 91);91;0.00;0.00;;20576.00;;;1184.00;520.00;0;0;;0;0;100.00;;;;;0;0;0
04.14.2020 10:00:00;303509;303509;MacroBTS;303509;303509;HV-31227_00002 (id: 92);92;0.00;0.00;;;4974.94;;;85.28;0;0;;0;0;100.00;;;;;0;0;0
04.14.2020 10:15:00;303509;303509;MacroBTS;303509;303509;HV-31227_00002 (id: 92);92;0.00;0.00;;;;;;363.82;0;0;;0;0;100.00;;;;;0;0;0
04.14.2020 10:15:00;303509;303509;MacroBTS;303509;303509;HV-31227_00001 (id: 91);91;0.00;0.00;;;1914.40;;;483.25;0;0;;0;0;100.00;;;;;0;0;0
04.14.2020 10:30:00;303509;303509;MacroBTS;303509;303509;HV-31227_00001 (id: 91);91;0.00;0.00;;;4032.44;;;129.27;0;0;;0;0;100.00;;;;;0;0;0
04.14.2020 10:30:00;303509;303509;MacroBTS;303509;303509;HV-31227_00002 (id: 92);92;0.00;0.00;;;5932.00;;;931.20;0;0;;0;0;;;;;;0;0;0
04.14.2020 10:45:00;303509;303509;MacroBTS;303509;303509;HV-31227_00001 (id: 91);91;0.00;0.00;;;2826.08;;;73.58;0;0;;0;0;100.00;;;;;0;0;0
04.14.2020 10:45:00;303509;303509;MacroBTS;303509;303509;HV-31227_00002 (id: 92);92;0.00;0.00;;;;;;;0;0;;0;0;;;;;;0;0;0
04.14.2020 11:00:00;303509;303509;MacroBTS;303509;303509;HV-31227_00001 (id: 91);91;8.00;7.00;;10232.00;4785.03;104.75;1156.85;469.86;2621;2251;100.00;1;1;100.00;;;;;0;0;0
04.14.2020 11:00:00;303509;303509;MacroBTS;303509;303509;HV-31227_00002 (id: 92);92;0.00;0.00;;;;;;;0;0;;0;0;;;;;;0;0;0
04.14.2020 11:15:00;303509;303509;MacroBTS;303509;303509;HV-31227_00001 (id: 91);91;7.00;9.00;420.00;10243.20;6090.21;102.38;245.56;31.34;15896;24283;;0;0;100.00;;;;;0;0;0
04.14.2020 11:15:00;303509;303509;MacroBTS;303509;303509;HV-31227_00002 (id: 92);92;0.00;0.00;;;;;;;0;0;;0;0;;;;;;0;0;0
04.14.2020 11:30:00;303509;303509;MacroBTS;303509;303509;HV-31227_00001 (id: 91);91;0.00;0.00;;;2076.18;;;71.94;0;0;;0;0;100.00;;;;;0;0;0
04.14.2020 11:30:00;303509;303509;MacroBTS;303509;303509;HV-31227_00002 (id: 92);92;0.00;0.00;;;;;;;0;0;;0;0;;;;;;0;0;0
04.14.2020 11:45:00;303509;303509;MacroBTS;303509;303509;HV-31227_00001 (id: 91);91;0.00;0.00;;;703.33;;;49.73;0;0;;0;0;100.00;;;;;0;0;0
04.14.2020 11:45:00;303509;303509;MacroBTS;303509;303509;HV-31227_00002 (id: 92);92;0.00;0.00;;;;;;;0;0;;0;0;100.00;;;;;0;0;0
04.14.2020 08:00:00;303847;303847;MacroBTS;303847;303847;HV-36284_00001 (id: 91);91;0.00;0.00;;;4234.10;;;569.04;0;0;;0;0;100.00;;;;;0;0;0
04.14.2020 08:15:00;303847;303847;MacroBTS;303847;303847;HV-36284_00001 (id: 91);91;0.00;0.00;;10792.00;2353.00;;311.71;1073.07;0;0;;0;0;100.00;;;;;0;0;0
04.14.2020 08:30:00;303847;303847;MacroBTS;303847;303847;HV-36284_00001 (id: 91);91;0.00;0.00;;;344.00;;;10.96;0;0;;0;0;100.00;;;;;0;0;0
04.14.2020 08:45:00;303847;303847;MacroBTS;303847;303847;HV-36284_00001 (id: 91);91;0.00;0.00;;;;;1856.00;840.00;0;0;;0;0;100.00;;;;;0;0;0
04.14.2020 09:00:00;303847;303847;MacroBTS;303847;303847;HV-36284_00001 (id: 91);91;0.00;0.00;;;;;;80.00;0;0;;0;0;100.00;;;;;0;0;0
04.14.2020 09:15:00;303847;303847;MacroBTS;303847;303847;HV-36284_00001 (id: 91);91;0.00;0.00;;16052.00;9650.67;;1904.00;111.65;0;0;;0;0;100.00;;;;;0;0;0
04.14.2020 09:30:00;303847;303847;MacroBTS;303847;303847;HV-36284_00001 (id: 91);91;0.00;0.00;;;3801.70;;;976.65;0;0;;0;0;100.00;;;;;0;0;0
04.14.2020 09:45:00;303847;303847;MacroBTS;303847;303847;HV-36284_00001 (id: 91);91;0.00;0.00;;;;;952.00;16.00;0;0;;0;0;100.00;;;;;0;0;0
04.14.2020 10:00:00;303847;303847;MacroBTS;303847;303847;HV-36284_00001 (id: 91);91;0.00;0.00;;;1440.00;;;604.80;0;0;;0;0;100.00;;;;;0;0;0
04.14.2020 10:15:00;303847;303847;MacroBTS;303847;303847;HV-36284_00001 (id: 91);91;0.00;0.00;;;;;1856.00;;0;0;;0;0;100.00;;;;;0;0;0
04.14.2020 10:30:00;303847;303847;MacroBTS;303847;303847;HV-36284_00001 (id: 91);91;0.00;0.00;;;5680.06;;;146.90;0;0;;0;0;100.00;;;;;0;0;0
04.14.2020 10:45:00;303847;303847;MacroBTS;303847;303847;HV-36284_00001 (id: 91);91;0.00;0.00;;;;;;;0;0;;0;0;;;;;;0;0;0
04.14.2020 11:00:00;303847;303847;MacroBTS;303847;303847;HV-36284_00001 (id: 91);91;0.00;0.00;;;;;;;0;0;;0;0;;;;;;0;0;0
04.14.2020 11:15:00;303847;303847;MacroBTS;303847;303847;HV-36284_00001 (id: 91);91;0.00;0.00;;;2153.70;;;37.81;0;0;;0;0;100.00;;;;;0;0;0
04.14.2020 11:30:00;303847;303847;MacroBTS;303847;303847;HV-36284_00001 (id: 91);91;0.00;0.00;;451.66;4947.67;;13.78;150.10;0;0;;0;0;100.00;;;;;0;0;0
04.14.2020 11:45:00;303847;303847;MacroBTS;303847;303847;HV-36284_00001 (id: 91);91;0.00;0.00;;;46868.35;;;1322.21;0;0;;0;0;100.00;;;;;0;0;0
04.14.2020 08:00:00;320192;320192;MacroBTS;320192;320192;HV-34649_00003 (id: 93);93;10.00;10.00;304.00;4668.00;13124.57;174.00;230.03;515.17;19671;19830;100.00;1;1;99.80;;;;;0;0;0
04.14.2020 08:00:00;320192;320192;MacroBTS;320192;320192;HV-34649_00001 (id: 91);91;13.00;7.00;457.33;5835.81;13099.26;126.73;583.22;737.22;10014;4140;100.00;2;2;100.00;;;;;0;0;0
04.14.2020 08:00:00;320192;320192;MacroBTS;320192;320192;HV-34649_00002 (id: 92);92;0.00;0.00;;3003.56;27180.57;;959.64;1040.83;0;0;;0;0;100.00;;;;;0;0;0
04.14.2020 08:15:00;320192;320192;MacroBTS;320192;320192;HV-34649_00001 (id: 91);91;8.00;6.00;;4712.47;11832.98;36.39;1057.10;531.69;51;40;100.00;1;1;100.00;;;;;0;0;0
04.14.2020 08:15:00;320192;320192;MacroBTS;320192;320192;HV-34649_00003 (id: 93);93;12.00;11.00;479.27;5070.63;12834.74;270.31;742.70;715.85;3989;3282;100.00;3;3;99.84;;;;;0;0;0
04.14.2020 08:15:00;320192;320192;MacroBTS;320192;320192;HV-34649_00002 (id: 92);92;11.00;7.00;;2537.29;5845.73;246.92;1030.05;1250.21;2422;1499;100.00;3;3;100.00;;;;;0;0;0
04.14.2020 08:30:00;320192;320192;MacroBTS;320192;320192;HV-34649_00002 (id: 92);92;11.00;9.00;215.52;;7744.60;91.65;998.10;9107.30;2836;1922;100.00;1;1;100.00;;;;;0;0;0
04.14.2020 08:30:00;320192;320192;MacroBTS;320192;320192;HV-34649_00001 (id: 91);91;11.00;6.00;504.00;2636.92;9547.55;61.80;655.37;600.44;1713;1007;100.00;3;3;100.00;;;;;0;0;0
04.14.2020 08:30:00;320192;320192;MacroBTS;320192;320192;HV-34649_00003 (id: 93);93;11.00;8.00;48.00;4301.31;11489.90;185.28;500.83;683.22;24167;17927;100.00;3;3;100.00;;;;;0;0;0
04.14.2020 08:45:00;320192;320192;MacroBTS;320192;320192;HV-34649_00002 (id: 92);92;0.00;4.00;;3601.45;18822.26;396.00;668.57;756.54;5;19;100.00;1;1;100.00;;;;;0;0;0
04.14.2020 08:45:00;320192;320192;MacroBTS;320192;320192;HV-34649_00001 (id: 91);91;12.00;12.00;361.50;6870.40;11935.75;67.77;826.36;816.57;6463;6038;100.00;1;1;100.00;;;;;0;0;0
04.14.2020 08:45:00;320192;320192;MacroBTS;320192;320192;HV-34649_00003 (id: 93);93;11.00;12.00;290.19;4515.60;11197.98;118.80;581.20;1032.80;21657;22416;100.00;13;13;99.62;;;;;0;0;0
04.14.2020 09:00:00;320192;320192;MacroBTS;320192;320192;HV-34649_00003 (id: 93);93;16.00;19.00;319.04;1899.14;12340.27;95.58;115.27;1575.06;36850;41969;100.00;8;8;100.00;;;;100.00;5;1;1
04.14.2020 09:00:00;320192;320192;MacroBTS;320192;320192;HV-34649_00002 (id: 92);92;9.00;9.00;;2854.58;14126.50;195.97;808.00;11048.88;5716;3620;100.00;3;3;100.00;;;;;0;0;0
04.14.2020 09:00:00;320192;320192;MacroBTS;320192;320192;HV-34649_00001 (id: 91);91;15.00;11.00;247.14;3452.00;12166.85;82.70;140.29;845.05;36798;20046;100.00;1;1;100.00;;;;;0;0;0
04.14.2020 09:15:00;320192;320192;MacroBTS;320192;320192;HV-34649_00003 (id: 93);93;15.00;14.00;296.00;2944.47;12561.33;74.61;851.75;887.13;18950;14581;100.00;9;9;100.00;;;;;0;0;0
04.14.2020 09:15:00;320192;320192;MacroBTS;320192;320192;HV-34649_00002 (id: 92);92;8.00;11.00;;;9703.40;231.26;587.07;9902.74;906;1142;;0;0;100.00;;;;;0;0;0
04.14.2020 09:15:00;320192;320192;MacroBTS;320192;320192;HV-34649_00001 (id: 91);91;10.00;7.00;273.87;5548.33;12514.32;110.22;869.21;861.21;33370;16365;100.00;1;1;100.00;;;;;0;0;0
04.14.2020 09:30:00;320192;320192;MacroBTS;320192;320192;HV-34649_00003 (id: 93);93;14.00;13.00;180.88;6296.44;13853.79;137.44;946.01;945.35;38120;32781;100.00;7;7;100.00;;;;;0;0;0
04.14.2020 09:30:00;320192;320192;MacroBTS;320192;320192;HV-34649_00002 (id: 92);92;11.00;10.00;498.56;2782.15;5724.27;232.10;1963.56;2534.47;17736;13716;100.00;1;1;100.00;;;;;0;0;0
04.14.2020 09:30:00;320192;320192;MacroBTS;320192;320192;HV-34649_00001 (id: 91);91;10.00;8.00;186.81;2011.45;10491.98;155.11;765.92;800.26;12790;7311;100.00;3;3;100.00;;;;;0;0;0
04.14.2020 09:45:00;320192;320192;MacroBTS;320192;320192;HV-34649_00002 (id: 92);92;10.00;8.00;162.00;13696.00;21518.69;79.64;989.89;1614.68;7216;4810;;0;0;100.00;;;;;0;0;0
04.14.2020 09:45:00;320192;320192;MacroBTS;320192;320192;HV-34649_00003 (id: 93);93;14.00;13.00;236.89;2290.59;15444.97;87.79;270.85;843.32;24203;23701;100.00;5;5;99.82;;;;100.00;1;1;1
04.14.2020 09:45:00;320192;320192;MacroBTS;320192;320192;HV-34649_00001 (id: 91);91;9.00;6.00;1200.00;7618.37;11557.79;76.20;946.53;567.98;1853;1178;100.00;1;1;100.00;;;;;0;0;0
04.14.2020 10:00:00;320192;320192;MacroBTS;320192;320192;HV-34649_00002 (id: 92);92;11.00;10.00;584.00;1748.55;15314.12;230.96;745.59;3916.13;4461;4395;100.00;5;5;100.00;;;;;0;0;0
04.14.2020 10:00:00;320192;320192;MacroBTS;320192;320192;HV-34649_00001 (id: 91);91;8.00;7.00;113.29;7497.14;13839.61;67.63;284.92;3175.48;4803;4487;;0;0;100.00;;;;;0;0;0
04.14.2020 10:00:00;320192;320192;MacroBTS;320192;320192;HV-34649_00003 (id: 93);93;15.00;14.00;458.73;7620.48;18750.51;135.06;357.70;1040.71;49676;45816;100.00;6;6;100.00;;;;;0;0;0
04.14.2020 10:15:00;320192;320192;MacroBTS;320192;320192;HV-34649_00003 (id: 93);93;13.00;12.00;122.00;5650.62;23421.82;117.84;884.56;1389.23;42554;39077;100.00;4;4;99.78;;;;;0;0;0
04.14.2020 10:15:00;320192;320192;MacroBTS;320192;320192;HV-34649_00001 (id: 91);91;9.00;10.00;168.00;5684.48;16644.44;140.85;1055.86;1119.32;3723;3733;100.00;3;3;100.00;;;;;0;0;0
04.14.2020 10:15:00;320192;320192;MacroBTS;320192;320192;HV-34649_00002 (id: 92);92;0.00;0.00;;3910.86;16373.77;;699.81;1706.03;0;0;100.00;4;4;100.00;;;;;0;0;0
04.14.2020 10:30:00;320192;320192;MacroBTS;320192;320192;HV-34649_00001 (id: 91);91;11.00;13.00;463.17;1590.94;12489.85;99.04;866.65;637.27;3152;3697;;0;0;100.00;;;;;0;0;0
04.14.2020 10:30:00;320192;320192;MacroBTS;320192;320192;HV-34649_00003 (id: 93);93;20.00;15.00;289.29;4723.96;18005.11;103.51;542.85;3179.16;62122;43007;100.00;11;11;100.00;;;;;0;0;0
04.14.2020 10:30:00;320192;320192;MacroBTS;320192;320192;HV-34649_00002 (id: 92);92;7.00;6.00;;1784.94;16042.34;351.38;609.63;1463.73;247;224;100.00;6;6;100.00;;;;;0;0;0
04.14.2020 10:45:00;320192;320192;MacroBTS;320192;320192;HV-34649_00002 (id: 92);92;9.00;11.00;;8446.96;17756.91;131.53;1249.32;2932.61;1548;2430;100.00;4;4;100.00;;;;;0;0;0
04.14.2020 10:45:00;320192;320192;MacroBTS;320192;320192;HV-34649_00003 (id: 93);93;16.00;12.00;298.16;4649.71;12688.78;198.51;867.52;902.04;38885;30965;100.00;8;8;100.00;;;;;0;0;0
04.14.2020 10:45:00;320192;320192;MacroBTS;320192;320192;HV-34649_00001 (id: 91);91;11.00;11.00;210.77;2156.04;12973.38;71.35;56.05;969.64;6439;5845;100.00;2;2;100.00;;;;;0;0;0
04.14.2020 11:00:00;320192;320192;MacroBTS;320192;320192;HV-34649_00002 (id: 92);92;4.00;4.00;;4192.94;14830.67;123.65;789.25;1542.79;110;86;100.00;6;6;100.00;;;;;0;0;0
04.14.2020 11:00:00;320192;320192;MacroBTS;320192;320192;HV-34649_00003 (id: 93);93;9.00;11.00;248.32;5011.15;15801.65;199.58;215.58;960.21;19794;29516;100.00;5;5;100.00;;;;100.00;19;1;1
04.14.2020 11:00:00;320192;320192;MacroBTS;320192;320192;HV-34649_00001 (id: 91);91;10.00;11.00;410.74;2590.48;22403.78;136.56;561.05;417.78;6023;6456;100.00;1;1;100.00;;;;;0;0;0
04.14.2020 11:15:00;320192;320192;MacroBTS;320192;320192;HV-34649_00002 (id: 92);92;0.00;0.00;;2164.50;23098.23;;715.71;986.44;0;0;;0;0;100.00;;;;;0;0;0
04.14.2020 11:15:00;320192;320192;MacroBTS;320192;320192;HV-34649_00001 (id: 91);91;7.00;7.00;287.06;3198.13;24263.15;88.33;801.76;1009.82;1501;1327;100.00;2;2;100.00;;;;;0;0;0
04.14.2020 11:15:00;320192;320192;MacroBTS;320192;320192;HV-34649_00003 (id: 93);93;14.00;12.00;268.17;5716.32;18133.99;117.12;804.31;1084.03;35937;28255;100.00;7;7;100.00;;;;100.00;1;1;1
04.14.2020 11:30:00;320192;320192;MacroBTS;320192;320192;HV-34649_00002 (id: 92);92;0.00;0.00;;6423.20;21903.90;;1233.00;4533.63;0;0;;0;0;100.00;;;;;0;0;0
04.14.2020 11:30:00;320192;320192;MacroBTS;320192;320192;HV-34649_00001 (id: 91);91;11.00;11.00;384.12;1942.50;14430.26;107.23;141.30;803.80;19211;17947;100.00;2;2;100.00;;;;;0;0;0
04.14.2020 11:30:00;320192;320192;MacroBTS;320192;320192;HV-34649_00003 (id: 93);93;12.00;12.00;278.08;4045.86;19691.70;93.30;255.29;938.83;26255;24599;100.00;7;7;100.00;;;;100.00;1;1;1
04.14.2020 11:45:00;320192;320192;MacroBTS;320192;320192;HV-34649_00001 (id: 91);91;9.00;9.00;168.14;6236.89;15762.10;69.28;727.24;1023.76;5394;4692;100.00;3;3;100.00;;;;;2;0;0
04.14.2020 11:45:00;320192;320192;MacroBTS;320192;320192;HV-34649_00002 (id: 92);92;12.00;8.00;279.70;1695.74;11053.61;67.35;1296.10;1395.22;14331;9985;100.00;1;1;100.00;;;;;0;0;0
04.14.2020 11:45:00;320192;320192;MacroBTS;320192;320192;HV-34649_00003 (id: 93);93;15.00;12.00;133.33;2679.00;14873.02;141.60;184.92;666.67;36736;31232;100.00;3;3;99.62;;;;;0;0;0
04.14.2020 08:00:00;L2G-SENDAIHIGASIJUUBANTYOUAW (id: 311706);311706;MacroBTS;L2G-SENDAIHIGASIJUUBANTYOUAW (id: 311706);311706;HI-45336_00001 (id: 1);1;10.00;16.00;463.20;3159.21;24880.38;171.07;781.78;914.65;37263;52509;100.00;4;4;99.14;;;;;0;0;0
04.14.2020 08:15:00;L2G-SENDAIHIGASIJUUBANTYOUAW (id: 311706);311706;MacroBTS;L2G-SENDAIHIGASIJUUBANTYOUAW (id: 311706);311706;HI-45336_00001 (id: 1);1;11.00;13.00;497.23;5693.02;21781.06;167.55;164.48;883.81;28249;36320;100.00;7;7;100.17;;;;;0;0;0
04.14.2020 08:30:00;L2G-SENDAIHIGASIJUUBANTYOUAW (id: 311706);311706;MacroBTS;L2G-SENDAIHIGASIJUUBANTYOUAW (id: 311706);311706;HI-45336_00001 (id: 1);1;11.00;10.00;329.97;1405.57;19990.12;149.55;157.55;1257.70;11699;10415;100.00;4;4;99.22;;;;;0;0;0
04.14.2020 08:45:00;L2G-SENDAIHIGASIJUUBANTYOUAW (id: 311706);311706;MacroBTS;L2G-SENDAIHIGASIJUUBANTYOUAW (id: 311706);311706;HI-45336_00001 (id: 1);1;11.00;12.00;351.43;6009.36;18326.66;84.50;108.98;1933.96;7591;8036;100.00;4;4;99.62;;;;;0;0;0
04.14.2020 09:00:00;L2G-SENDAIHIGASIJUUBANTYOUAW (id: 311706);311706;MacroBTS;L2G-SENDAIHIGASIJUUBANTYOUAW (id: 311706);311706;HI-45336_00001 (id: 1);1;15.00;17.00;443.51;2788.20;18908.89;72.85;597.27;1617.06;42257;46213;100.00;20;20;100.00;;;;;0;0;0
04.14.2020 09:15:00;L2G-SENDAIHIGASIJUUBANTYOUAW (id: 311706);311706;MacroBTS;L2G-SENDAIHIGASIJUUBANTYOUAW (id: 311706);311706;HI-45336_00001 (id: 1);1;14.00;19.00;266.60;3657.53;20470.64;115.66;956.48;1212.51;42280;62621;100.00;15;15;99.70;;;;;0;0;0
04.14.2020 09:30:00;L2G-SENDAIHIGASIJUUBANTYOUAW (id: 311706);311706;MacroBTS;L2G-SENDAIHIGASIJUUBANTYOUAW (id: 311706);311706;HI-45336_00001 (id: 1);1;22.00;32.00;240.70;4131.01;13849.29;176.43;207.31;1323.14;68859;99218;100.00;22;22;98.72;;;;;0;0;0
04.14.2020 09:45:00;L2G-SENDAIHIGASIJUUBANTYOUAW (id: 311706);311706;MacroBTS;L2G-SENDAIHIGASIJUUBANTYOUAW (id: 311706);311706;HI-45336_00001 (id: 1);1;29.00;27.00;282.18;2282.39;11074.91;105.93;438.56;5014.90;90472;81107;100.00;26;26;99.87;;;;;0;0;0
04.14.2020 10:00:00;L2G-SENDAIHIGASIJUUBANTYOUAW (id: 311706);311706;MacroBTS;L2G-SENDAIHIGASIJUUBANTYOUAW (id: 311706);311706;HI-45336_00001 (id: 1);1;23.00;25.00;328.31;3861.71;15456.90;126.32;854.16;2684.02;77978;83919;100.00;30;30;99.72;;;;;0;0;0
04.14.2020 10:15:00;L2G-SENDAIHIGASIJUUBANTYOUAW (id: 311706);311706;MacroBTS;L2G-SENDAIHIGASIJUUBANTYOUAW (id: 311706);311706;HI-45336_00001 (id: 1);1;17.00;22.00;384.65;3116.97;15404.86;145.67;238.64;2797.73;57373;70186;100.00;21;21;99.49;;;;;0;0;0
04.14.2020 10:30:00;L2G-SENDAIHIGASIJUUBANTYOUAW (id: 311706);311706;MacroBTS;L2G-SENDAIHIGASIJUUBANTYOUAW (id: 311706);311706;HI-45336_00001 (id: 1);1;24.00;23.00;413.05;2734.77;14882.55;75.36;581.43;1818.33;73634;68627;100.00;14;14;99.75;;;;;0;0;0
04.14.2020 10:45:00;L2G-SENDAIHIGASIJUUBANTYOUAW (id: 311706);311706;MacroBTS;L2G-SENDAIHIGASIJUUBANTYOUAW (id: 311706);311706;HI-45336_00001 (id: 1);1;21.00;19.00;343.04;3038.50;10720.60;79.33;44.25;1013.81;62197;51720;100.00;8;8;99.05;;;;;0;0;0
04.14.2020 11:00:00;L2G-SENDAIHIGASIJUUBANTYOUAW (id: 311706);311706;MacroBTS;L2G-SENDAIHIGASIJUUBANTYOUAW (id: 311706);311706;HI-45336_00001 (id: 1);1;33.00;31.00;230.33;3470.55;20268.56;125.31;383.75;3304.94;72723;65374;100.00;26;26;99.59;;;;;0;0;0
04.14.2020 11:15:00;L2G-SENDAIHIGASIJUUBANTYOUAW (id: 311706);311706;MacroBTS;L2G-SENDAIHIGASIJUUBANTYOUAW (id: 311706);311706;HI-45336_00001 (id: 1);1;24.00;30.00;409.54;4565.33;21009.10;103.30;89.89;1993.92;78538;95254;100.00;15;15;99.85;;;;;0;0;0
04.14.2020 11:30:00;L2G-SENDAIHIGASIJUUBANTYOUAW (id: 311706);311706;MacroBTS;L2G-SENDAIHIGASIJUUBANTYOUAW (id: 311706);311706;HI-45336_00001 (id: 1);1;17.00;18.00;398.77;2984.40;18418.58;117.73;464.72;1548.40;45990;47577;100.00;19;19;100.00;;;;;0;0;0
04.14.2020 11:45:00;L2G-SENDAIHIGASIJUUBANTYOUAW (id: 311706);311706;MacroBTS;L2G-SENDAIHIGASIJUUBANTYOUAW (id: 311706);311706;HI-45336_00001 (id: 1);1;22.00;23.00;352.21;3612.96;17514.33;103.03;574.84;1172.50;71272;70339;100.00;22;22;100.00;;;;;0;0;0
04.14.2020 08:00:00;L2G-SIRASAWAWADA (id: 319810);319810;MacroBTS;L2G-SIRASAWAWADA (id: 319810);319810;HV-04982_00001 (id: 91);91;8.00;11.00;1150.00;2365.90;23316.66;276.64;352.41;1188.23;5366;11134;100.00;1;1;100.00;;;;;0;0;0
04.14.2020 08:00:00;L2G-SIRASAWAWADA (id: 319810);319810;MacroBTS;L2G-SIRASAWAWADA (id: 319810);319810;HI-04982_00001 (id: 1);1;9.00;10.00;344.00;3205.05;15978.67;28.45;120.69;543.31;969;1178;;0;0;100.00;;;;100.00;1;1;1
04.14.2020 08:15:00;L2G-SIRASAWAWADA (id: 319810);319810;MacroBTS;L2G-SIRASAWAWADA (id: 319810);319810;HI-04982_00001 (id: 1);1;0.00;0.00;;;17420.81;;1156.80;597.42;0;0;;0;0;98.23;;;;;0;0;0
04.14.2020 08:15:00;L2G-SIRASAWAWADA (id: 319810);319810;MacroBTS;L2G-SIRASAWAWADA (id: 319810);319810;HV-04982_00001 (id: 91);91;8.00;11.00;;3752.73;11893.72;315.08;655.43;741.37;1487;2944;;0;0;99.60;;;;;0;0;0
04.14.2020 08:30:00;L2G-SIRASAWAWADA (id: 319810);319810;MacroBTS;L2G-SIRASAWAWADA (id: 319810);319810;HV-04982_00001 (id: 91);91;0.00;0.00;;6949.33;12876.57;;404.50;429.43;0;0;;0;0;98.68;;;;;0;0;0
04.14.2020 08:30:00;L2G-SIRASAWAWADA (id: 319810);319810;MacroBTS;L2G-SIRASAWAWADA (id: 319810);319810;HI-04982_00001 (id: 1);1;0.00;0.00;;3894.40;19195.79;;43.53;724.60;0;0;;0;0;97.70;;;;;0;0;0
04.14.2020 08:45:00;L2G-SIRASAWAWADA (id: 319810);319810;MacroBTS;L2G-SIRASAWAWADA (id: 319810);319810;HI-04982_00001 (id: 1);1;8.00;10.00;1888.00;22888.00;13351.70;70.82;1112.89;549.09;339;330;;0;0;100.00;;;;;0;0;0
04.14.2020 08:45:00;L2G-SIRASAWAWADA (id: 319810);319810;MacroBTS;L2G-SIRASAWAWADA (id: 319810);319810;HV-04982_00001 (id: 91);91;11.00;5.00;848.00;4444.00;24614.48;85.45;188.98;485.30;479;185;;0;0;100.00;;;;;0;0;0
04.14.2020 09:00:00;L2G-SIRASAWAWADA (id: 319810);319810;MacroBTS;L2G-SIRASAWAWADA (id: 319810);319810;HV-04982_00001 (id: 91);91;0.00;0.00;;1697.41;11972.02;;40.46;418.81;0;0;;0;0;100.00;;;;;0;0;0
04.14.2020 09:00:00;L2G-SIRASAWAWADA (id: 319810);319810;MacroBTS;L2G-SIRASAWAWADA (id: 319810);319810;HI-04982_00001 (id: 1);1;0.00;0.00;;4656.00;9208.09;;1094.00;1214.92;0;0;;0;0;100.00;;;;;0;0;0
04.14.2020 09:15:00;L2G-SIRASAWAWADA (id: 319810);319810;MacroBTS;L2G-SIRASAWAWADA (id: 319810);319810;HV-04982_00001 (id: 91);91;10.00;7.00;1166.67;3001.95;14476.62;229.42;1216.21;722.68;839;606;100.00;1;1;100.00;;;;;0;0;0
04.14.2020 09:15:00;L2G-SIRASAWAWADA (id: 319810);319810;MacroBTS;L2G-SIRASAWAWADA (id: 319810);319810;HI-04982_00001 (id: 1);1;8.00;8.00;471.38;672.00;6779.36;174.85;588.92;1068.06;1187;951;;0;0;100.00;;;;;0;0;0
04.14.2020 09:30:00;L2G-SIRASAWAWADA (id: 319810);319810;MacroBTS;L2G-SIRASAWAWADA (id: 319810);319810;HI-04982_00001 (id: 1);1;0.00;0.00;;594.00;8813.16;;2264.67;1166.96;0;0;;0;0;100.00;;;;;0;0;0
04.14.2020 09:30:00;L2G-SIRASAWAWADA (id: 319810);319810;MacroBTS;L2G-SIRASAWAWADA (id: 319810);319810;HV-04982_00001 (id: 91);91;1.00;13.00;133.33;4064.50;9173.73;176.00;267.45;191.84;25;127;;0;0;100.00;;;;100.00;1;1;1
04.14.2020 09:45:00;L2G-SIRASAWAWADA (id: 319810);319810;MacroBTS;L2G-SIRASAWAWADA (id: 319810);319810;HI-04982_00001 (id: 1);1;0.00;0.00;;4494.22;4258.28;;1336.89;518.47;0;0;;0;0;100.00;;;;;0;0;0
04.14.2020 09:45:00;L2G-SIRASAWAWADA (id: 319810);319810;MacroBTS;L2G-SIRASAWAWADA (id: 319810);319810;HV-04982_00001 (id: 91);91;0.00;0.00;;2682.91;17405.23;;14.86;463.59;0;0;100.00;1;1;100.00;;;;;0;0;0
04.14.2020 10:00:00;L2G-SIRASAWAWADA (id: 319810);319810;MacroBTS;L2G-SIRASAWAWADA (id: 319810);319810;HV-04982_00001 (id: 91);91;13.00;7.00;839.64;2726.34;9334.58;81.42;365.15;1554.64;14092;7700;100.00;1;1;100.00;;;;;0;0;0
04.14.2020 10:00:00;L2G-SIRASAWAWADA (id: 319810);319810;MacroBTS;L2G-SIRASAWAWADA (id: 319810);319810;HI-04982_00001 (id: 1);1;8.00;5.00;1888.00;18040.00;10306.73;239.41;1888.00;651.75;424;234;;0;0;100.00;;;;;0;0;0
04.14.2020 10:15:00;L2G-SIRASAWAWADA (id: 319810);319810;MacroBTS;L2G-SIRASAWAWADA (id: 319810);319810;HV-04982_00001 (id: 91);91;0.00;0.00;;2417.81;9754.92;;147.41;1602.60;0;0;;0;0;100.00;;;;;0;0;0
04.14.2020 10:15:00;L2G-SIRASAWAWADA (id: 319810);319810;MacroBTS;L2G-SIRASAWAWADA (id: 319810);319810;HI-04982_00001 (id: 1);1;0.00;0.00;;;11173.94;;16.00;823.36;0;0;;0;0;98.81;;;;;0;0;0
04.14.2020 10:30:00;L2G-SIRASAWAWADA (id: 319810);319810;MacroBTS;L2G-SIRASAWAWADA (id: 319810);319810;HI-04982_00001 (id: 1);1;6.00;9.00;1888.00;6886.77;17150.45;409.41;856.66;1014.07;697;1152;100.00;1;1;99.11;;;;;0;0;0
04.14.2020 10:30:00;L2G-SIRASAWAWADA (id: 319810);319810;MacroBTS;L2G-SIRASAWAWADA (id: 319810);319810;HV-04982_00001 (id: 91);91;5.00;8.00;1200.00;5536.50;8121.47;120.00;224.07;1696.78;65;53;100.00;1;1;100.00;;;;;0;0;0
04.14.2020 10:45:00;L2G-SIRASAWAWADA (id: 319810);319810;MacroBTS;L2G-SIRASAWAWADA (id: 319810);319810;HI-04982_00001 (id: 1);1;5.00;5.00;1888.00;12304.00;7950.42;532.57;339.83;977.73;221;130;100.00;1;1;100.00;;;;;0;0;0
04.14.2020 10:45:00;L2G-SIRASAWAWADA (id: 319810);319810;MacroBTS;L2G-SIRASAWAWADA (id: 319810);319810;HV-04982_00001 (id: 91);91;7.00;7.00;211.71;9512.00;5727.89;139.94;501.16;1553.43;1389;1065;100.00;1;1;100.00;;;;100.00;1;1;1
04.14.2020 11:00:00;L2G-SIRASAWAWADA (id: 319810);319810;MacroBTS;L2G-SIRASAWAWADA (id: 319810);319810;HV-04982_00001 (id: 91);91;0.00;0.00;;2033.06;7092.73;;434.41;1952.32;0;0;;0;0;100.00;;;;;0;0;0
04.14.2020 11:00:00;L2G-SIRASAWAWADA (id: 319810);319810;MacroBTS;L2G-SIRASAWAWADA (id: 319810);319810;HI-04982_00001 (id: 1);1;0.00;0.00;;3195.00;10909.69;;975.11;765.11;0;0;;0;0;100.00;;;;;0;0;0
04.14.2020 11:15:00;L2G-SIRASAWAWADA (id: 319810);319810;MacroBTS;L2G-SIRASAWAWADA (id: 319810);319810;HI-04982_00001 (id: 1);1;9.00;7.00;230.32;2878.67;5394.08;84.70;158.99;944.29;3289;2169;100.00;2;2;100.00;;;;;0;0;0
04.14.2020 11:15:00;L2G-SIRASAWAWADA (id: 319810);319810;MacroBTS;L2G-SIRASAWAWADA (id: 319810);319810;HV-04982_00001 (id: 91);91;8.00;2.00;1200.00;2607.24;9343.44;224.00;592.27;1587.76;321;76;;0;0;100.00;;;;;0;0;0
04.14.2020 11:30:00;L2G-SIRASAWAWADA (id: 319810);319810;MacroBTS;L2G-SIRASAWAWADA (id: 319810);319810;HV-04982_00001 (id: 91);91;0.00;0.00;;3149.20;5411.15;;667.25;406.89;0;0;100.00;1;1;100.00;;;;;0;0;0
04.14.2020 11:30:00;L2G-SIRASAWAWADA (id: 319810);319810;MacroBTS;L2G-SIRASAWAWADA (id: 319810);319810;HI-04982_00001 (id: 1);1;0.00;0.00;;6658.67;29470.91;;963.79;999.82;0;0;;0;0;100.00;;;;;0;0;0
04.14.2020 11:45:00;L2G-SIRASAWAWADA (id: 319810);319810;MacroBTS;L2G-SIRASAWAWADA (id: 319810);319810;HV-04982_00001 (id: 91);91;13.00;10.00;;6058.91;10745.49;494.67;867.14;496.24;588;412;;0;0;100.00;;;;;0;0;0
04.14.2020 11:45:00;L2G-SIRASAWAWADA (id: 319810);319810;MacroBTS;L2G-SIRASAWAWADA (id: 319810);319810;HI-04982_00001 (id: 1);1;7.00;4.00;1124.00;542.22;5305.61;108.60;1268.00;851.91;195;118;;0;0;100.00;;;;;0;0;0
04.14.2020 08:00:00;L9M-SIRAKAWAKAYANE (id: 320311);320311;MacroBTS;L9M-SIRAKAWAKAYANE (id: 320311);320311;HV-04612_00003 (id: 93);93;0.00;0.00;;1182.80;13058.91;;49.71;711.09;0;0;0.00;1;0;97.70;;;;;0;0;0
04.14.2020 08:00:00;L9M-SIRAKAWAKAYANE (id: 320311);320311;MacroBTS;L9M-SIRAKAWAKAYANE (id: 320311);320311;HV-04612_00001 (id: 91);91;0.00;0.00;;6215.33;12934.12;;1157.71;1174.25;0;0;;0;0;100.00;;;;;0;0;0
04.14.2020 08:00:00;L9M-SIRAKAWAKAYANE (id: 320311);320311;MacroBTS;L9M-SIRAKAWAKAYANE (id: 320311);320311;HV-04612_00002 (id: 92);92;10.00;9.00;238.25;5641.93;20609.77;44.08;805.05;996.57;4500;3778;100.00;2;2;100.00;;;;;0;0;0
04.14.2020 08:15:00;L9M-SIRAKAWAKAYANE (id: 320311);320311;MacroBTS;L9M-SIRAKAWAKAYANE (id: 320311);320311;HV-04612_00002 (id: 92);92;10.00;9.00;292.57;4682.86;12893.98;107.94;994.29;1174.24;4989;4279;100.00;2;2;100.00;;;;;0;0;0
04.14.2020 08:15:00;L9M-SIRAKAWAKAYANE (id: 320311);320311;MacroBTS;L9M-SIRAKAWAKAYANE (id: 320311);320311;HV-04612_00001 (id: 91);91;0.00;0.00;;4810.76;23649.95;;1906.77;882.96;0;0;;0;0;100.00;;;;;0;0;0
04.14.2020 08:15:00;L9M-SIRAKAWAKAYANE (id: 320311);320311;MacroBTS;L9M-SIRAKAWAKAYANE (id: 320311);320311;HV-04612_00003 (id: 93);93;12.00;7.00;499.29;1493.11;17764.53;119.87;18.42;446.63;3580;2174;;0;0;98.90;;;;;0;0;0
04.14.2020 08:30:00;L9M-SIRAKAWAKAYANE (id: 320311);320311;MacroBTS;L9M-SIRAKAWAKAYANE (id: 320311);320311;HV-04612_00003 (id: 93);93;9.00;8.00;216.57;10737.60;12803.90;104.90;199.43;812.98;3298;3067;100.00;1;1;100.00;;;;;0;0;0
04.14.2020 08:30:00;L9M-SIRAKAWAKAYANE (id: 320311);320311;MacroBTS;L9M-SIRAKAWAKAYANE (id: 320311);320311;HV-04612_00002 (id: 92);92;8.00;10.00;276.60;;10319.29;197.16;1043.43;1125.45;3008;3959;;0;0;100.00;;;;;0;0;0
04.14.2020 08:30:00;L9M-SIRAKAWAKAYANE (id: 320311);320311;MacroBTS;L9M-SIRAKAWAKAYANE (id: 320311);320311;HV-04612_00001 (id: 91);91;8.00;10.00;254.90;;25775.29;206.17;;1049.11;2244;2722;;0;0;100.00;;;;;0;0;0
04.14.2020 08:45:00;L9M-SIRAKAWAKAYANE (id: 320311);320311;MacroBTS;L9M-SIRAKAWAKAYANE (id: 320311);320311;HV-04612_00003 (id: 93);93;10.00;9.00;268.00;6440.94;15858.37;68.04;256.97;602.18;2375;1927;100.00;1;1;98.41;;;;;0;0;0
04.14.2020 08:45:00;L9M-SIRAKAWAKAYANE (id: 320311);320311;MacroBTS;L9M-SIRAKAWAKAYANE (id: 320311);320311;HV-04612_00002 (id: 92);92;6.00;8.00;400.00;4647.20;10984.84;160.91;776.71;1292.36;943;1446;100.00;1;1;100.00;;;;;0;0;0
04.14.2020 08:45:00;L9M-SIRAKAWAKAYANE (id: 320311);320311;MacroBTS;L9M-SIRAKAWAKAYANE (id: 320311);320311;HV-04612_00001 (id: 91);91;6.00;9.00;1200.00;21344.00;27632.96;186.21;1190.50;1249.92;387;1117;;0;0;100.00;;;;;0;0;0
04.14.2020 09:00:00;L9M-SIRAKAWAKAYANE (id: 320311);320311;MacroBTS;L9M-SIRAKAWAKAYANE (id: 320311);320311;HV-04612_00001 (id: 91);91;7.00;12.00;222.00;14464.00;24795.10;102.37;1221.63;1448.24;890;1398;;0;0;100.00;;;;;0;0;0
04.14.2020 09:00:00;L9M-SIRAKAWAKAYANE (id: 320311);320311;MacroBTS;L9M-SIRAKAWAKAYANE (id: 320311);320311;HV-04612_00003 (id: 93);93;10.00;8.00;841.33;4132.50;17554.21;98.55;415.58;860.43;1816;1520;100.00;1;1;100.00;;;;;0;0;0
04.14.2020 09:00:00;L9M-SIRAKAWAKAYANE (id: 320311);320311;MacroBTS;L9M-SIRAKAWAKAYANE (id: 320311);320311;HV-04612_00002 (id: 92);92;9.00;9.00;190.71;1268.06;8671.33;166.62;2036.73;1071.73;941;971;;0;0;100.00;;;;;0;0;0
04.14.2020 09:15:00;L9M-SIRAKAWAKAYANE (id: 320311);320311;MacroBTS;L9M-SIRAKAWAKAYANE (id: 320311);320311;HV-04612_00003 (id: 93);93;9.00;9.00;167.44;141.42;15668.14;81.19;4.66;699.65;3827;3688;100.00;1;1;100.00;;;;;0;0;0
04.14.2020 09:15:00;L9M-SIRAKAWAKAYANE (id: 320311);320311;MacroBTS;L9M-SIRAKAWAKAYANE (id: 320311);320311;HV-04612_00001 (id: 91);91;7.00;9.00;;1888.00;28954.59;116.10;1176.62;1427.62;1893;1922;;0;0;100.00;;;;;0;0;0
04.14.2020 09:15:00;L9M-SIRAKAWAKAYANE (id: 320311);320311;MacroBTS;L9M-SIRAKAWAKAYANE (id: 320311);320311;HV-04612_00002 (id: 92);92;13.00;9.00;479.30;3626.29;15739.15;129.17;842.14;1539.12;11399;7587;100.00;2;2;100.00;;;;;0;0;0
04.14.2020 09:30:00;L9M-SIRAKAWAKAYANE (id: 320311);320311;MacroBTS;L9M-SIRAKAWAKAYANE (id: 320311);320311;HV-04612_00002 (id: 92);92;12.00;11.00;264.72;2541.58;15397.92;199.34;407.27;2294.01;25363;21496;100.00;2;2;100.00;;;;;0;0;0
04.14.2020 09:30:00;L9M-SIRAKAWAKAYANE (id: 320311);320311;MacroBTS;L9M-SIRAKAWAKAYANE (id: 320311);320311;HV-04612_00001 (id: 91);91;11.00;15.00;452.95;864.00;20712.55;89.75;231.27;1350.31;5714;6874;;0;0;100.00;;;;;0;0;0
04.14.2020 09:30:00;L9M-SIRAKAWAKAYANE (id: 320311);320311;MacroBTS;L9M-SIRAKAWAKAYANE (id: 320311);320311;HV-04612_00003 (id: 93);93;12.00;12.00;317.74;2084.59;21493.95;79.93;81.68;454.10;12104;13106;;0;0;100.00;;;;;0;0;0
04.14.2020 09:45:00;L9M-SIRAKAWAKAYANE (id: 320311);320311;MacroBTS;L9M-SIRAKAWAKAYANE (id: 320311);320311;HV-04612_00003 (id: 93);93;11.00;9.00;308.07;2378.22;18717.03;65.62;33.62;397.65;6206;4711;;0;0;100.00;;;;;0;0;0
04.14.2020 09:45:00;L9M-SIRAKAWAKAYANE (id: 320311);320311;MacroBTS;L9M-SIRAKAWAKAYANE (id: 320311);320311;HV-04612_00002 (id: 92);92;7.00;10.00;202.32;3711.11;17092.66;179.81;746.35;1617.32;1902;3386;;0;0;100.00;;;;;0;0;0
04.14.2020 09:45:00;L9M-SIRAKAWAKAYANE (id: 320311);320311;MacroBTS;L9M-SIRAKAWAKAYANE (id: 320311);320311;HV-04612_00001 (id: 91);91;10.00;12.00;328.75;8502.40;15119.70;113.61;1150.96;1008.38;3585;4306;100.00;1;1;100.00;;;;;0;0;0
04.14.2020 10:00:00;L9M-SIRAKAWAKAYANE (id: 320311);320311;MacroBTS;L9M-SIRAKAWAKAYANE (id: 320311);320311;HV-04612_00003 (id: 93);93;8.00;11.00;683.43;958.21;14138.00;68.97;83.97;2664.07;3509;5117;;0;0;99.43;;;;;0;0;0
04.14.2020 10:00:00;L9M-SIRAKAWAKAYANE (id: 320311);320311;MacroBTS;L9M-SIRAKAWAKAYANE (id: 320311);320311;HV-04612_00001 (id: 91);91;6.00;8.00;1168.00;;22121.27;197.10;1199.53;800.36;770;866;;0;0;100.00;;;;;0;0;0
04.14.2020 10:00:00;L9M-SIRAKAWAKAYANE (id: 320311);320311;MacroBTS;L9M-SIRAKAWAKAYANE (id: 320311);320311;HV-04612_00002 (id: 92);92;9.00;8.00;740.00;5569.23;12607.93;47.40;561.95;1803.04;2813;2292;100.00;1;1;100.00;;;;;0;0;0
04.14.2020 10:15:00;L9M-SIRAKAWAKAYANE (id: 320311);320311;MacroBTS;L9M-SIRAKAWAKAYANE (id: 320311);320311;HV-04612_00003 (id: 93);93;8.00;11.00;210.29;636.38;19065.06;56.03;16.12;494.13;3770;5265;100.00;1;1;98.31;;;;;0;0;0
04.14.2020 10:15:00;L9M-SIRAKAWAKAYANE (id: 320311);320311;MacroBTS;L9M-SIRAKAWAKAYANE (id: 320311);320311;HV-04612_00001 (id: 91);91;7.00;11.00;312.00;10734.40;16213.68;115.95;1444.08;851.41;1806;2661;100.00;1;1;100.00;;;;;0;0;0
04.14.2020 10:15:00;L9M-SIRAKAWAKAYANE (id: 320311);320311;MacroBTS;L9M-SIRAKAWAKAYANE (id: 320311);320311;HV-04612_00002 (id: 92);92;8.00;9.00;;1623.79;8748.31;244.06;584.07;1176.05;1088;1181;100.00;3;3;100.00;;;;;0;0;0
04.14.2020 10:30:00;L9M-SIRAKAWAKAYANE (id: 320311);320311;MacroBTS;L9M-SIRAKAWAKAYANE (id: 320311);320311;HV-04612_00003 (id: 93);93;9.00;9.00;468.71;4010.18;13029.29;127.02;31.98;503.74;5590;5586;;0;0;100.00;;;;;0;0;0
04.14.2020 10:30:00;L9M-SIRAKAWAKAYANE (id: 320311);320311;MacroBTS;L9M-SIRAKAWAKAYANE (id: 320311);320311;HV-04612_00001 (id: 91);91;10.00;12.00;;;23340.55;298.53;1909.33;1183.81;1062;1558;;0;0;100.00;;;;;0;0;0
04.14.2020 10:30:00;L9M-SIRAKAWAKAYANE (id: 320311);320311;MacroBTS;L9M-SIRAKAWAKAYANE (id: 320311);320311;HV-04612_00002 (id: 92);92;11.00;10.00;50.58;2868.92;10108.79;166.74;1331.82;989.64;8004;6955;100.00;2;2;100.00;;;;;0;0;0
04.14.2020 10:45:00;L9M-SIRAKAWAKAYANE (id: 320311);320311;MacroBTS;L9M-SIRAKAWAKAYANE (id: 320311);320311;HV-04612_00001 (id: 91);91;10.00;7.00;322.88;21152.00;30669.83;102.69;1331.61;650.95;4874;3175;;0;0;100.00;;;;;0;0;0
04.14.2020 10:45:00;L9M-SIRAKAWAKAYANE (id: 320311);320311;MacroBTS;L9M-SIRAKAWAKAYANE (id: 320311);320311;HV-04612_00002 (id: 92);92;12.00;11.00;237.41;3832.94;5623.33;89.45;688.00;654.39;11424;9756;100.00;1;1;100.00;;;;;0;0;0
04.14.2020 10:45:00;L9M-SIRAKAWAKAYANE (id: 320311);320311;MacroBTS;L9M-SIRAKAWAKAYANE (id: 320311);320311;HV-04612_00003 (id: 93);93;10.00;9.00;256.92;2096.66;13244.30;53.57;80.99;489.85;6323;6012;100.00;1;1;98.62;;;;100.00;1;1;1
04.14.2020 11:00:00;L9M-SIRAKAWAKAYANE (id: 320311);320311;MacroBTS;L9M-SIRAKAWAKAYANE (id: 320311);320311;HV-04612_00002 (id: 92);92;13.00;13.00;527.67;4156.24;6374.45;100.02;633.65;564.02;24424;22336;100.00;3;3;100.00;;;;;0;0;0
04.14.2020 11:00:00;L9M-SIRAKAWAKAYANE (id: 320311);320311;MacroBTS;L9M-SIRAKAWAKAYANE (id: 320311);320311;HV-04612_00003 (id: 93);93;14.00;11.00;279.71;3616.28;17903.54;78.88;511.88;380.31;10598;7720;100.00;2;2;98.39;;;;;0;0;0
04.14.2020 11:00:00;L9M-SIRAKAWAKAYANE (id: 320311);320311;MacroBTS;L9M-SIRAKAWAKAYANE (id: 320311);320311;HV-04612_00001 (id: 91);91;11.00;10.00;198.35;1922.67;21494.83;78.64;566.30;950.92;5594;5049;100.00;1;1;100.00;;;;;0;0;0
04.14.2020 11:15:00;L9M-SIRAKAWAKAYANE (id: 320311);320311;MacroBTS;L9M-SIRAKAWAKAYANE (id: 320311);320311;HV-04612_00001 (id: 91);91;10.00;10.00;488.00;864.00;21415.99;252.21;1621.09;808.90;2423;2000;;0;0;100.00;;;;;0;0;0
04.14.2020 11:15:00;L9M-SIRAKAWAKAYANE (id: 320311);320311;MacroBTS;L9M-SIRAKAWAKAYANE (id: 320311);320311;HV-04612_00003 (id: 93);93;10.00;10.00;230.84;2713.92;15203.51;96.19;18.15;682.33;8886;8575;100.00;1;1;98.78;;;;;0;0;0
04.14.2020 11:15:00;L9M-SIRAKAWAKAYANE (id: 320311);320311;MacroBTS;L9M-SIRAKAWAKAYANE (id: 320311);320311;HV-04612_00002 (id: 92);92;0.00;0.00;;3750.70;12079.10;;899.34;961.39;0;0;;0;0;100.00;;;;;0;0;0
04.14.2020 11:30:00;L9M-SIRAKAWAKAYANE (id: 320311);320311;MacroBTS;L9M-SIRAKAWAKAYANE (id: 320311);320311;HV-04612_00003 (id: 93);93;11.00;13.00;185.40;1547.18;14017.96;62.60;72.48;150.82;15368;16810;100.00;3;3;99.39;;;;100.00;41;1;0
04.14.2020 11:30:00;L9M-SIRAKAWAKAYANE (id: 320311);320311;MacroBTS;L9M-SIRAKAWAKAYANE (id: 320311);320311;HV-04612_00002 (id: 92);92;10.00;9.00;304.18;;12440.58;94.25;886.93;1456.20;7433;7219;;0;0;100.00;;;;;0;0;0
04.14.2020 11:30:00;L9M-SIRAKAWAKAYANE (id: 320311);320311;MacroBTS;L9M-SIRAKAWAKAYANE (id: 320311);320311;HV-04612_00001 (id: 91);91;8.00;11.00;195.64;;11517.37;120.73;1173.33;845.24;4177;5702;;0;0;100.00;;;;;0;0;0
04.14.2020 11:45:00;L9M-SIRAKAWAKAYANE (id: 320311);320311;MacroBTS;L9M-SIRAKAWAKAYANE (id: 320311);320311;HV-04612_00003 (id: 93);93;16.00;16.00;221.05;2513.69;19198.01;96.17;74.89;499.26;6642;6617;;0;0;100.00;;;;;0;0;0
04.14.2020 11:45:00;L9M-SIRAKAWAKAYANE (id: 320311);320311;MacroBTS;L9M-SIRAKAWAKAYANE (id: 320311);320311;HV-04612_00001 (id: 91);91;0.00;0.00;;1169.78;18548.29;;254.80;739.16;0;0;;0;0;100.00;;;;;0;0;0
04.14.2020 11:45:00;L9M-SIRAKAWAKAYANE (id: 320311);320311;MacroBTS;L9M-SIRAKAWAKAYANE (id: 320311);320311;HV-04612_00002 (id: 92);92;10.00;7.00;349.33;1593.26;19509.52;162.02;1348.75;1667.84;2078;1567;100.00;1;1;100.00;;;;;0;0;0
04.14.2020 08:00:00;L9M-SUKAGAWAOOKANBARAHIGASI (id: 320048);320048;MacroBTS;L9M-SUKAGAWAOOKANBARAHIGASI (id: 320048);320048;HV-31628_00003 (id: 93);93;0.00;0.00;;;12891.86;;;391.62;0;0;;0;0;100.00;;;;;0;0;0
04.14.2020 08:00:00;L9M-SUKAGAWAOOKANBARAHIGASI (id: 320048);320048;MacroBTS;L9M-SUKAGAWAOOKANBARAHIGASI (id: 320048);320048;HV-31628_00002 (id: 92);92;8.00;9.00;148.92;1368.37;17295.85;61.89;844.76;987.46;2447;2399;100.00;4;4;100.00;;;;;0;0;0
04.14.2020 08:00:00;L9M-SUKAGAWAOOKANBARAHIGASI (id: 320048);320048;MacroBTS;L9M-SUKAGAWAOOKANBARAHIGASI (id: 320048);320048;HV-31628_00001 (id: 91);91;9.00;9.00;251.23;3969.91;6429.86;55.07;609.56;337.41;2398;2338;100.00;1;1;100.00;;;;;0;0;0
04.14.2020 08:15:00;L9M-SUKAGAWAOOKANBARAHIGASI (id: 320048);320048;MacroBTS;L9M-SUKAGAWAOOKANBARAHIGASI (id: 320048);320048;HV-31628_00003 (id: 93);93;10.00;9.00;;1062.10;15527.28;206.89;949.97;305.43;2213;1944;100.00;2;2;100.00;;;;;0;0;0
04.14.2020 08:15:00;L9M-SUKAGAWAOOKANBARAHIGASI (id: 320048);320048;MacroBTS;L9M-SUKAGAWAOOKANBARAHIGASI (id: 320048);320048;HV-31628_00001 (id: 91);91;0.00;0.00;;18328.00;12300.20;;373.00;688.31;0;0;;0;0;100.00;;;;;0;0;0
04.14.2020 08:15:00;L9M-SUKAGAWAOOKANBARAHIGASI (id: 320048);320048;MacroBTS;L9M-SUKAGAWAOOKANBARAHIGASI (id: 320048);320048;HV-31628_00002 (id: 92);92;9.00;8.00;;3400.00;17942.14;32.88;1106.26;818.34;773;907;100.00;1;1;100.00;;;;;0;0;0
04.14.2020 08:30:00;L9M-SUKAGAWAOOKANBARAHIGASI (id: 320048);320048;MacroBTS;L9M-SUKAGAWAOOKANBARAHIGASI (id: 320048);320048;HV-31628_00001 (id: 91);91;0.00;0.00;;7297.14;10557.73;;253.40;788.02;0;0;;0;0;100.00;;;;;0;0;0
04.14.2020 08:30:00;L9M-SUKAGAWAOOKANBARAHIGASI (id: 320048);320048;MacroBTS;L9M-SUKAGAWAOOKANBARAHIGASI (id: 320048);320048;HV-31628_00003 (id: 93);93;0.00;0.00;;;7650.76;;;378.75;0;0;;0;0;100.00;;;;;0;0;0
04.14.2020 08:30:00;L9M-SUKAGAWAOOKANBARAHIGASI (id: 320048);320048;MacroBTS;L9M-SUKAGAWAOOKANBARAHIGASI (id: 320048);320048;HV-31628_00002 (id: 92);92;0.00;0.00;;9123.20;15521.73;;528.09;780.30;0;0;100.00;1;1;100.00;;;;;0;0;0
04.14.2020 08:45:00;L9M-SUKAGAWAOOKANBARAHIGASI (id: 320048);320048;MacroBTS;L9M-SUKAGAWAOOKANBARAHIGASI (id: 320048);320048;HV-31628_00001 (id: 91);91;0.00;0.00;;4943.16;16227.32;;17.43;985.47;0;0;;0;0;100.00;;;;;0;0;0
04.14.2020 08:45:00;L9M-SUKAGAWAOOKANBARAHIGASI (id: 320048);320048;MacroBTS;L9M-SUKAGAWAOOKANBARAHIGASI (id: 320048);320048;HV-31628_00002 (id: 92);92;11.00;11.00;;1360.00;22807.20;106.28;1049.30;913.07;6237;7048;100.00;2;2;100.00;;;;;0;0;0
04.14.2020 08:45:00;L9M-SUKAGAWAOOKANBARAHIGASI (id: 320048);320048;MacroBTS;L9M-SUKAGAWAOOKANBARAHIGASI (id: 320048);320048;HV-31628_00003 (id: 93);93;9.00;2.00;;968.74;4814.34;149.31;67.67;53.49;2006;532;100.00;2;2;100.00;;;;;0;0;0
04.14.2020 09:00:00;L9M-SUKAGAWAOOKANBARAHIGASI (id: 320048);320048;MacroBTS;L9M-SUKAGAWAOOKANBARAHIGASI (id: 320048);320048;HV-31628_00002 (id: 92);92;9.00;12.00;;3063.60;17095.79;123.80;1031.11;804.83;529;736;;0;0;100.00;;;;;0;0;0
04.14.2020 09:00:00;L9M-SUKAGAWAOOKANBARAHIGASI (id: 320048);320048;MacroBTS;L9M-SUKAGAWAOOKANBARAHIGASI (id: 320048);320048;HV-31628_00003 (id: 93);93;9.00;8.00;302.46;4398.67;3570.55;290.57;69.00;144.45;1053;1009;100.00;1;1;100.00;;;;;15;0;0
04.14.2020 09:00:00;L9M-SUKAGAWAOOKANBARAHIGASI (id: 320048);320048;MacroBTS;L9M-SUKAGAWAOOKANBARAHIGASI (id: 320048);320048;HV-31628_00001 (id: 91);91;0.00;0.00;;3900.44;9539.52;;334.51;1040.94;0;0;;0;0;100.00;;;;;0;0;0
04.14.2020 09:15:00;L9M-SUKAGAWAOOKANBARAHIGASI (id: 320048);320048;MacroBTS;L9M-SUKAGAWAOOKANBARAHIGASI (id: 320048);320048;HV-31628_00001 (id: 91);91;0.00;0.00;;;1892.41;;;93.14;0;0;;0;0;100.00;;;;;0;0;0
04.14.2020 09:15:00;L9M-SUKAGAWAOOKANBARAHIGASI (id: 320048);320048;MacroBTS;L9M-SUKAGAWAOOKANBARAHIGASI (id: 320048);320048;HV-31628_00002 (id: 92);92;0.00;0.00;;;18056.23;;843.93;1863.59;0;0;;0;0;100.00;;;;;0;0;0
04.14.2020 09:15:00;L9M-SUKAGAWAOOKANBARAHIGASI (id: 320048);320048;MacroBTS;L9M-SUKAGAWAOOKANBARAHIGASI (id: 320048);320048;HV-31628_00003 (id: 93);93;0.00;0.00;;;3135.90;;;235.42;0;0;;0;0;100.00;;;;;0;0;0
04.14.2020 09:30:00;L9M-SUKAGAWAOOKANBARAHIGASI (id: 320048);320048;MacroBTS;L9M-SUKAGAWAOOKANBARAHIGASI (id: 320048);320048;HV-31628_00003 (id: 93);93;10.00;11.00;101.10;2690.62;3780.10;98.46;44.48;273.68;657;755;100.00;1;1;100.00;;;;;0;0;0
04.14.2020 09:30:00;L9M-SUKAGAWAOOKANBARAHIGASI (id: 320048);320048;MacroBTS;L9M-SUKAGAWAOOKANBARAHIGASI (id: 320048);320048;HV-31628_00002 (id: 92);92;10.00;8.00;199.30;5761.60;19381.28;75.11;1000.73;1190.42;10029;7975;100.00;2;2;100.00;;;;;0;0;0
04.14.2020 09:30:00;L9M-SUKAGAWAOOKANBARAHIGASI (id: 320048);320048;MacroBTS;L9M-SUKAGAWAOOKANBARAHIGASI (id: 320048);320048;HV-31628_00001 (id: 91);91;12.00;8.00;30.14;15200.00;8554.13;49.70;480.86;267.75;2009;1269;;0;0;100.00;;;;;0;0;0
04.14.2020 09:45:00;L9M-SUKAGAWAOOKANBARAHIGASI (id: 320048);320048;MacroBTS;L9M-SUKAGAWAOOKANBARAHIGASI (id: 320048);320048;HV-31628_00001 (id: 91);91;13.00;12.00;696.32;2442.96;6499.40;33.82;611.49;266.82;10391;8419;100.00;4;4;100.00;;;;;0;0;0
04.14.2020 09:45:00;L9M-SUKAGAWAOOKANBARAHIGASI (id: 320048);320048;MacroBTS;L9M-SUKAGAWAOOKANBARAHIGASI (id: 320048);320048;HV-31628_00003 (id: 93);93;9.00;7.00;1200.00;941.11;997.82;177.89;20.31;41.13;379;311;;0;0;91.30;;;;;0;0;0
04.14.2020 09:45:00;L9M-SUKAGAWAOOKANBARAHIGASI (id: 320048);320048;MacroBTS;L9M-SUKAGAWAOOKANBARAHIGASI (id: 320048);320048;HV-31628_00002 (id: 92);92;9.00;8.00;796.00;11980.00;27301.50;221.38;1286.02;974.25;821;711;100.00;1;1;100.00;;;;;0;0;0
04.14.2020 10:00:00;L9M-SUKAGAWAOOKANBARAHIGASI (id: 320048);320048;MacroBTS;L9M-SUKAGAWAOOKANBARAHIGASI (id: 320048);320048;HV-31628_00002 (id: 92);92;0.00;0.00;;5908.36;7590.06;;2005.33;1188.51;0;0;;0;0;100.00;;;;;0;0;0
04.14.2020 10:00:00;L9M-SUKAGAWAOOKANBARAHIGASI (id: 320048);320048;MacroBTS;L9M-SUKAGAWAOOKANBARAHIGASI (id: 320048);320048;HV-31628_00001 (id: 91);91;7.00;8.00;337.60;3283.79;3328.40;159.29;97.21;110.32;1523;1480;100.00;2;2;100.00;;;;;0;0;0
04.14.2020 10:00:00;L9M-SUKAGAWAOOKANBARAHIGASI (id: 320048);320048;MacroBTS;L9M-SUKAGAWAOOKANBARAHIGASI (id: 320048);320048;HV-31628_00003 (id: 93);93;0.00;0.00;;;748.43;;;117.34;0;0;;0;0;100.00;;;;;0;0;0
04.14.2020 10:15:00;L9M-SUKAGAWAOOKANBARAHIGASI (id: 320048);320048;MacroBTS;L9M-SUKAGAWAOOKANBARAHIGASI (id: 320048);320048;HV-31628_00003 (id: 93);93;0.00;0.00;;;296.28;;;23.41;0;0;;0;0;100.00;;;;;0;0;0
04.14.2020 10:15:00;L9M-SUKAGAWAOOKANBARAHIGASI (id: 320048);320048;MacroBTS;L9M-SUKAGAWAOOKANBARAHIGASI (id: 320048);320048;HV-31628_00001 (id: 91);91;10.00;12.00;606.40;1548.54;6112.01;214.34;148.18;354.86;601;669;;0;0;100.00;;;;;0;0;0
04.14.2020 10:15:00;L9M-SUKAGAWAOOKANBARAHIGASI (id: 320048);320048;MacroBTS;L9M-SUKAGAWAOOKANBARAHIGASI (id: 320048);320048;HV-31628_00002 (id: 92);92;11.00;13.00;1064.00;15064.00;21215.58;126.90;681.93;822.83;2137;2565;100.00;1;1;100.00;;;;;0;0;0
04.14.2020 10:30:00;L9M-SUKAGAWAOOKANBARAHIGASI (id: 320048);320048;MacroBTS;L9M-SUKAGAWAOOKANBARAHIGASI (id: 320048);320048;HV-31628_00001 (id: 91);91;0.00;0.00;;4008.00;1694.72;;27.13;537.25;0;0;;0;0;100.00;;;;;0;0;0
04.14.2020 10:30:00;L9M-SUKAGAWAOOKANBARAHIGASI (id: 320048);320048;MacroBTS;L9M-SUKAGAWAOOKANBARAHIGASI (id: 320048);320048;HV-31628_00002 (id: 92);92;0.00;0.00;;;21263.54;;1562.00;1499.30;0;0;;0;0;100.00;;;;;0;0;0
04.14.2020 10:30:00;L9M-SUKAGAWAOOKANBARAHIGASI (id: 320048);320048;MacroBTS;L9M-SUKAGAWAOOKANBARAHIGASI (id: 320048);320048;HV-31628_00003 (id: 93);93;0.00;0.00;;;4034.33;;;350.58;0;0;;0;0;100.00;;;;;0;0;0
04.14.2020 10:45:00;L9M-SUKAGAWAOOKANBARAHIGASI (id: 320048);320048;MacroBTS;L9M-SUKAGAWAOOKANBARAHIGASI (id: 320048);320048;HV-31628_00003 (id: 93);93;0.00;0.00;;3016.00;2062.52;;2757.71;441.76;0;0;;0;0;100.00;;;;;0;0;0
04.14.2020 10:45:00;L9M-SUKAGAWAOOKANBARAHIGASI (id: 320048);320048;MacroBTS;L9M-SUKAGAWAOOKANBARAHIGASI (id: 320048);320048;HV-31628_00001 (id: 91);91;0.00;0.00;;1784.00;5384.56;;864.07;116.07;0;0;;0;0;100.00;;;;;0;0;0
04.14.2020 10:45:00;L9M-SUKAGAWAOOKANBARAHIGASI (id: 320048);320048;MacroBTS;L9M-SUKAGAWAOOKANBARAHIGASI (id: 320048);320048;HV-31628_00002 (id: 92);92;0.00;0.00;;11104.00;11683.26;;1288.80;1419.32;0;0;;0;0;100.00;;;;;0;0;0
04.14.2020 11:00:00;L9M-SUKAGAWAOOKANBARAHIGASI (id: 320048);320048;MacroBTS;L9M-SUKAGAWAOOKANBARAHIGASI (id: 320048);320048;HV-31628_00001 (id: 91);91;0.00;0.00;;6305.45;4031.02;;72.60;222.49;0;0;;0;0;100.00;;;;;0;0;0
04.14.2020 11:00:00;L9M-SUKAGAWAOOKANBARAHIGASI (id: 320048);320048;MacroBTS;L9M-SUKAGAWAOOKANBARAHIGASI (id: 320048);320048;HV-31628_00002 (id: 92);92;0.00;0.00;;4882.40;8398.29;;853.79;892.71;0;0;;0;0;100.00;;;;;0;0;0
04.14.2020 11:00:00;L9M-SUKAGAWAOOKANBARAHIGASI (id: 320048);320048;MacroBTS;L9M-SUKAGAWAOOKANBARAHIGASI (id: 320048);320048;HV-31628_00003 (id: 93);93;0.00;0.00;;;3660.80;;;581.49;0;0;;0;0;100.00;;;;;0;0;0
04.14.2020 11:15:00;L9M-SUKAGAWAOOKANBARAHIGASI (id: 320048);320048;MacroBTS;L9M-SUKAGAWAOOKANBARAHIGASI (id: 320048);320048;HV-31628_00001 (id: 91);91;0.00;0.00;;1575.06;6452.11;;934.32;728.62;0;0;;0;0;100.00;;;;;0;0;0
04.14.2020 11:15:00;L9M-SUKAGAWAOOKANBARAHIGASI (id: 320048);320048;MacroBTS;L9M-SUKAGAWAOOKANBARAHIGASI (id: 320048);320048;HV-31628_00002 (id: 92);92;8.00;10.00;;2962.67;21549.41;354.59;537.35;849.79;868;1162;;0;0;100.00;;;;;0;0;0
04.14.2020 11:15:00;L9M-SUKAGAWAOOKANBARAHIGASI (id: 320048);320048;MacroBTS;L9M-SUKAGAWAOOKANBARAHIGASI (id: 320048);320048;HV-31628_00003 (id: 93);93;11.00;9.00;;;2009.41;200.12;1247.47;763.59;1321;951;100.00;1;1;100.00;;;;;0;0;0
04.14.2020 11:30:00;L9M-SUKAGAWAOOKANBARAHIGASI (id: 320048);320048;MacroBTS;L9M-SUKAGAWAOOKANBARAHIGASI (id: 320048);320048;HV-31628_00002 (id: 92);92;11.00;9.00;;3513.37;11120.97;69.73;602.96;3310.03;1224;1097;100.00;3;3;100.00;;;;;0;0;0
04.14.2020 11:30:00;L9M-SUKAGAWAOOKANBARAHIGASI (id: 320048);320048;MacroBTS;L9M-SUKAGAWAOOKANBARAHIGASI (id: 320048);320048;HV-31628_00001 (id: 91);91;0.00;0.00;;;5289.04;;1385.78;516.33;0;0;;0;0;100.00;;;;;0;0;0
04.14.2020 11:30:00;L9M-SUKAGAWAOOKANBARAHIGASI (id: 320048);320048;MacroBTS;L9M-SUKAGAWAOOKANBARAHIGASI (id: 320048);320048;HV-31628_00003 (id: 93);93;0.00;0.00;;4738.40;7745.96;;5134.00;543.93;0;0;;0;0;100.00;;;;;0;0;0
04.14.2020 11:45:00;L9M-SUKAGAWAOOKANBARAHIGASI (id: 320048);320048;MacroBTS;L9M-SUKAGAWAOOKANBARAHIGASI (id: 320048);320048;HV-31628_00001 (id: 91);91;12.00;9.00;417.41;2732.80;7489.68;91.11;665.33;216.57;5387;3573;100.00;2;2;100.00;;;;;0;0;0
04.14.2020 11:45:00;L9M-SUKAGAWAOOKANBARAHIGASI (id: 320048);320048;MacroBTS;L9M-SUKAGAWAOOKANBARAHIGASI (id: 320048);320048;HV-31628_00003 (id: 93);93;0.00;0.00;;11744.00;3390.15;;924.84;750.79;0;0;100.00;1;1;100.00;;;;;0;0;0
04.14.2020 11:45:00;L9M-SUKAGAWAOOKANBARAHIGASI (id: 320048);320048;MacroBTS;L9M-SUKAGAWAOOKANBARAHIGASI (id: 320048);320048;HV-31628_00002 (id: 92);92;9.00;5.00;;2359.24;12802.06;44.01;784.73;577.55;1373;766;50.00;2;1;100.00;;;;;0;0;0

